label_str,ltable_id,rtable_id,label,title_x,authors_x,venue_x,year_x,title_y,authors_y,venue_y,year_y
Yes,24,159,1,"free parallel data mining bin li , dennis shasha sigmod conference 1998",,,,free parallel data mining international conference on management of data 1998,"bin li , dennis shasha",,
Yes,52,1680,1,how to modify sql queries in order to guarantee sure answers,hans-joachim klein,sigmod record,1994.0,how to modify sql queries in order to guarantee sure answers,h.-j . klein,acm sigmod record,1994.0
Yes,56,263,1,updating xml,"daniel s. weld , zachary g. ives , igor tatarinov , alon y. halevy",sigmod conference,2001.0,updating xml international conference on management of data 2001,"igor tatarinov , zachary g. ives , alon y. halevy , daniel s. weld",,
Yes,82,810,1,explaining differences in multidimensional aggregates sunita sarawagi vldb,,,1999.0,explaining differences in multidimensional aggregates 1999,sunita sarawagi,very large data bases,
Yes,83,1454,1,"a performance study of workfile disk management for concurrent mergesorts in a multiprocessor database system kun-lung wu , philip s. yu , james z. teng , jen-yao chung 1995",,vldb,,a performance study of workfile disk management for concurrent mergesorts in a multiprocessor database system 1995,"kun-lung wu , philip s. yu , jen-yao chung , james z. teng",very large data bases,
Yes,85,1539,1,"workflow automation : applications , technology , and research ( tutorial ) amit p. sheth 1995",,sigmod conference,,"workflow automation : applications , technology and research amit sheth",,international conference on management of data,1995.0
Yes,117,596,1,information warfare and security - book review h. v. jagadish sigmod record 2001,,,,information warfare and security h. v. jagadish 2001,,acm sigmod record,
Yes,137,1831,1,"revisiting commit processing in distributed database systems krithi ramamritham , jayant r. haritsa , ramesh gupta sigmod conference",,,1997.0,revisiting commit processing in distributed database systems 1997,"ramesh gupta , jayant haritsa , krithi ramamritham",international conference on management of data,
Yes,150,252,1,thinksheet : a tool for tailoring complex documents sigmod conference,"dao-i lin , peter piatko , roman yangarber , dennis shasha",,1996.0,"thinksheet : a tool for tailoring complex documents peter piatko , roman yangarber , daoi lin , dennis shasha international conference on management of data 1996",,,
Yes,151,1960,1,"on-line reorganization of sparsely-populated b + trees betty salzberg , chendong zou 1996",,sigmod conference,,"on-line reorganization of sparsely-populated b + - trees chendong zou , betty salzberg international conference on management of data 1996",,,
Yes,180,1668,1,enterprise information architectures -- they 're finally changing 1994,wesley p. melling,sigmod conference,,enterprise information architectures-they 're finally changing international conference on management of data,wesley p. melling,,1994.0
Yes,187,739,1,"phoenix project : fault-tolerant applications roger s. barga , david b. lomet sigmod record 2002",,,,phoenix project : fault-tolerant applications,"roger barga , david lomet",acm sigmod record,2002.0
Yes,226,1012,1,mining surprising patterns using temporal description length vldb,"soumen chakrabarti , byron dom , sunita sarawagi",,1998.0,mining surprising patterns using temporal description length 1998,"soumen chakrabarti , sunita sarawagi , byron dom",very large data bases,
Yes,234,2207,1,"fast algorithms for mining association rules in large databases ramakrishnan srikant , rakesh agrawal 1994",,vldb,,fast algorithms for mining association rules in large databases very large data bases,"rakesh agrawal , ramakrishnan srikant",,1994.0
Yes,244,679,1,"hierarchical subspace sampling : a unified framework for high dimensional data reduction , selectivity estimation and nearest neighbor search sigmod conference 2002",charu c. aggarwal,,,"hierarchical subspace sampling : a unified framework for high dimensional data reduction , selectivity estimation and nearest neighbor search",charu c. aggarwal,international conference on management of data,2002.0
Yes,267,384,1,lambda-db : an odmg-based object-oriented dbms 2000,"arvind rajendran , david maier , leonidas fegaras , chandrasekhar srinivasan",sigmod conference,,lambda-db : an odmg-based object-oriented dbms international conference on management of data,"leonidas fegaras , chandrasekhar srinivasan , arvind rajendran , david maier",,2000.0
Yes,276,651,1,too much middleware sigmod record 2002,michael stonebraker,,,too much middleware michael stonebraker acm sigmod record 2002,,,
Yes,288,1515,1,enhancing database correctness : a statistical approach,"wen-chi hou , zhongyang zhang",sigmod conference,1995.0,"enhancing database correctness : a statistical approach wen-chi hou , zhongyang zhang 1995",,international conference on management of data,
Yes,289,1697,1,"constructing the next 100 database management systems andreas geppert , klaus r. dittrich sigmod record",,,1994.0,"constructing the next 100 database management systems : like the handyman or like the engineer ? andreas geppert , klaus r. dittrich acm sigmod record",,,1994.0
Yes,292,674,1,"a monte carlo algorithm for fast projective clustering michael jones , pankaj k. agarwal , t. m. murali , cecilia magdalena procopiuc sigmod conference",,,2002.0,a monte carlo algorithm for fast projective clustering international conference on management of data,"cecilia m. procopiuc , michael jones , pankaj k. agarwal , t. m. murali",,2002.0
Yes,300,1742,1,"aries/csa : a method for database recovery in client-server architectures c. mohan , inderpal narang sigmod conference 1994",,,,"aries/csa : a method for database recovery in client-server architectures c. mohan , inderpal narang international conference on management of data 1994",,,
Yes,306,1522,1,paradise : a database system for gis applications 1995,paradise team,sigmod conference,,paradise : a database system for gis applications corporate the paradise team 1995,,international conference on management of data,
Yes,319,824,1,"a novel index supporting high volume data warehouse insertion anindya datta , chris jermaine , edward omiecinski vldb",,,1999.0,"a novel index supporting high volume data warehouse insertion chris jermaine , anindya datta , edward omiecinski very large data bases 1999",,,
Yes,324,138,1,"multiview access protocols for large-scale replication weimin du , xiangning liu , abdelsalam helal acm trans . database syst .",,,1998.0,multiview access protocols for large-scale replication,"xiangning liu , abdelsalam helal , weimin du",acm transactions on database systems ( tods ),1998.0
Yes,358,665,1,"a multi-agent system infrastructure for software component market-place : an ontological perspective riza cenk erdur , oguz dikenelli sigmod record 2002",,,,a multi-agent system infrastructure for software component market-place : an ontological perspective,"riza cenk erdur , o &#287; uz dikenelli",acm sigmod record,2002.0
Yes,366,1719,1,"optimization of dynamic query evaluation plans goetz graefe , richard l. cole",,sigmod conference,1994.0,optimization of dynamic query evaluation plans international conference on management of data,"richard l. cole , goetz graefe",,1994.0
Yes,378,2276,1,cost-driven vertical class partitioning for methods in object oriented databases vldb j.,"qing li , chi-wai fung , kamalakar karlapalem",,2003.0,cost-driven vertical class partitioning for methods in object oriented databases 2003,"chi-wai fung , kamalakar karlapalem , qing li",the vldb journal -- the international journal on very large data bases,
Yes,381,281,1,the prototype of the dare system sigmod conference 2001,"tiziana catarci , giuseppe santucci",,,the prototype of the dare system international conference on management of data,"tiziana catarci , giuseppe santucci",,2001.0
Yes,393,2250,1,"data grid management systems arun jagatheesan , arcot rajasekar 2003",,sigmod conference,,data grid management systems 2003,"arun jagatheesan , arcot rajasekar",international conference on management of data,
Yes,412,1523,1,shore : combining the best features of oodbms and file systems,shore team,sigmod conference,1995.0,shore : combining the best features of oodbms and file systems international conference on management of data,corporate the shore team,,1995.0
Yes,431,1181,1,"scalable feature selection , classification and signature generation for organizing large text databases into hierarchical topic taxonomies prabhakar raghavan , byron dom , rakesh agrawal , soumen chakrabarti 1998",,vldb j.,,"scalable feature selection , classification and signature generation for organizing large text databases into hierarchical topic taxonomies 1998","soumen chakrabarti , byron dom , rakesh agrawal , prabhakar raghavan",the vldb journal -- the international journal on very large data bases,
Yes,460,369,1,temporal statement modifiers acm trans . database syst .,"richard t. snodgrass , christian s. jensen , michael h. böhlen",,2000.0,temporal statement modifiers 2000,"michael h. b &#246; hlen , christian s. jensen , richard thomas snodgrass",acm transactions on database systems ( tods ),
Yes,471,1239,1,guest editorial alon y. halevy vldb j. 2002,,,,guest editorial alon y. halevy,,the vldb journal -- the international journal on very large data bases,2002.0
Yes,527,51,1,walrus : a similarity retrieval algorithm for image databases,"rajeev rastogi , kyuseok shim , apostol natsev",sigmod conference,1999.0,"walrus : a similarity retrieval algorithm for image databases apostol natsev , rajeev rastogi , kyuseok shim international conference on management of data 1999",,,
Yes,534,187,1,random sampling for histogram construction : how much is enough ? 1998,"vivek r. narasayya , rajeev motwani , surajit chaudhuri",sigmod conference,,random sampling for histogram construction : how much is enough ?,"surajit chaudhuri , rajeev motwani , vivek narasayya",international conference on management of data,1998.0
Yes,535,584,1,"qualitative representation of spatial knowledge in two-dimensional space dimitris papadias , timos k. sellis",,vldb j.,1994.0,qualitative representation of spatial knowledge in two-dimensional space 1994,"dimitris papadias , timos sellis",the vldb journal -- the international journal on very large data bases,
Yes,536,2031,1,"birn-m : a semantic mediator for solving real-world neuroscience problems bertram ludäscher , maryann e. martone , amarnath gupta",,sigmod conference,2003.0,"birn-m : a semantic mediator for solving real-world neuroscience problems amarnath gupta , bertram lud &#228; scher , maryann e. martone international conference on management of data 2003",,,
Yes,572,1385,1,offering a precision-performance tradeoff for aggregation queries over replicated data vldb,"jennifer widom , chris olston",,2000.0,offering a precision-performance tradeoff for aggregation queries over replicated data very large data bases,"chris olston , jennifer widom",,2000.0
Yes,573,1330,1,"tavant system architecture for sell-side channel management subbu n. subramanian , srinivasa narayanan",,vldb,2001.0,tavant system architecture for sell-side channel management,"srinivasa narayanan , subbu n. subramanian",very large data bases,2001.0
Yes,576,644,1,"efficient evaluation of queries in a mediator for websources tolga urhan , laura bright , vladimir zadorozhny , maria-esther vidal , louiqa raschid 2002",,sigmod conference,,efficient evaluation of queries in a mediator for websources,"vladimir zadorozhny , louiqa raschid , maria esther vidal , tolga urhan , laura bright",international conference on management of data,2002.0
Yes,587,144,1,control : continuous output and navigation technology with refinement on-line 1998,"bruce lo , tali roth , ron avnur , joseph m. hellerstein , chris olston , kirk wylie , bhaskaran raman , vijayshankar raman",sigmod conference,,control : continuous output and navigation technology with refinement on-line international conference on management of data 1998,"ron avnur , joseph m. hellerstein , bruce lo , chris olston , bhaskaran raman , vijayshankar raman , tali roth , kirk wylie",,
Yes,588,1729,1,"a metadatabase system for semantic image search by a mathematical model of meaning yasushi kiyoki , takanari hayama , takashi kitagawa sigmod record",,,1994.0,a metadatabase system for semantic image search by a mathematical model of meaning 1994,"yasushi kiyoki , takashi kitagawa , takanari hayama",acm sigmod record,
Yes,591,120,1,"dynamic service matchmaking among agents in open information environments matthias klusch , katia p. sycara , seth widoff , jianguo lu",,sigmod record,1999.0,dynamic service matchmaking among agents in open information environments acm sigmod record 1999,"katia sycara , matthias klusch , seth widoff , jianguo lu",,
Yes,614,20,1,"the need for distributed asynchronous transactions lyman do , prabhu ram , pamela drew",,sigmod conference,1999.0,"the need for distributed asynchronous transactions lyman do , prabhu ram , pamela drew 1999",,international conference on management of data,
Yes,692,1761,1,repositories and object oriented databases philip a. bernstein,,sigmod record,1998.0,repositories and object oriented databases,philip a. bernstein,acm sigmod record,1998.0
Yes,696,1875,1,middle east technical university software research and development center sigmod record 1996,asuman dogac,,,middle east technical university software research and development center 1996,asuman dogac,acm sigmod record,
Yes,699,677,1,"dynamic multidimensional histograms piotr indyk , sudipto guha , nitin thaper , nick koudas 2002",,sigmod conference,,dynamic multidimensional histograms international conference on management of data,"nitin thaper , sudipto guha , piotr indyk , nick koudas",,2002.0
Yes,701,789,1,"aggregation algorithms for very large compressed data warehouses jaideep srivastava , jianzhong li , doron rotem",,vldb,1999.0,"aggregation algorithms for very large compressed data warehouses jianzhong li , doron rotem , jaideep srivastava very large data bases 1999",,,
Yes,706,345,1,"the design and performance evaluation of alternative xml storage strategies david j. dewitt , jianjun chen , chun zhang , feng tian 2002",,sigmod record,,the design and performance evaluation of alternative xml storage strategies acm sigmod record 2002,"feng tian , david j. dewitt , jianjun chen , chun zhang",,
Yes,724,1400,1,"novel approaches in query processing for moving object trajectories yannis theodoridis , dieter pfoser , christian s. jensen 2000",,vldb,,novel approaches in query processing for moving object trajectories,"dieter pfoser , christian s. jensen , yannis theodoridis",very large data bases,2000.0
Yes,731,259,1,selectivity estimation using probabilistic models sigmod conference,"daphne koller , lise getoor , benjamin taskar",,2001.0,"selectivity estimation using probabilistic models lise getoor , benjamin taskar , daphne koller international conference on management of data 2001",,,
Yes,736,1327,1,warehousing workflow data : challenges and opportunities vldb,"umeshwar dayal , ming-chien shan , angela bonifati , fabio casati",,2001.0,"warehousing workflow data : challenges and opportunities angela bonifati , fabio casati , umeshwar dayal , ming-chien shan 2001",,very large data bases,
Yes,744,1072,1,"algorithms for materialized view design in data warehousing environment kamalakar karlapalem , jian yang , qing li vldb 1997",,,,"algorithms for materialized view design in data warehousing environment jian yang , kamalakar karlapalem , qing li 1997",,very large data bases,
Yes,767,271,1,reconciling schemas of disparate data sources : a machine-learning approach sigmod conference 2001,"anhai doan , pedro domingos , alon y. halevy",,,"reconciling schemas of disparate data sources : a machine-learning approach anhai doan , pedro domingos , alon y. halevy international conference on management of data 2001",,,
Yes,768,1170,1,optimal clip ordering for multi-clip queries vldb j.,"raymond t. ng , paul shum",,1998.0,optimal clip ordering for multi-clip queries,"raymond t. ng , paul shum",the vldb journal -- the international journal on very large data bases,1998.0
Yes,772,962,1,algorithms for querying by spatial structure vldb,"nikos mamoulis , dimitris papadias , vasilis delis",,1998.0,algorithms for querying by spatial structure,"dimitris papadias , nikos mamoulis , vasilis delis",very large data bases,1998.0
Yes,789,178,1,electronic commerce : tutorial sigmod conference 1998,"nabil r. adam , yelena yesha",,,"electronic commerce : tutorial nabil r. adam , yelena yesha international conference on management of data",,,1998.0
Yes,793,1061,1,the double life of the transaction abstraction : fundamental principle and evolving system concept vldb 1995,henry f. korth,,,the double life of the transaction abstraction : fundamental principle and evolving system concept 1995,henry f. korth,very large data bases,
Yes,797,755,1,mpeg-7 and multimedia database systems harald kosch 2002,,sigmod record,,mpeg-7 and multimedia database systems harald kosch acm sigmod record 2002,,,
Yes,801,908,1,parameterized complexity for the database theorist sigmod record,martin grohe,,2002.0,parameterized complexity for the database theorist,martin grohe,acm sigmod record,2002.0
Yes,809,1015,1,"dtl 's dataspot : database exploration using plain language gadi entin , shai geva , shaul dar , eran palmon 1998",,vldb,,dtl 's dataspot : database exploration using plain language,"shaul dar , gadi entin , shai geva , eran palmon",very large data bases,1998.0
Yes,835,1612,1,"managing video data in a mobile environment rafael alonso , yuh-lin chang , v. s. mani , liviu iftode 1995",,sigmod record,,managing video data in a mobile environment 1995,"rafael alonso , yuh-lin chang , liviu iftode , v. s. mani",acm sigmod record,
Yes,850,560,1,"interviewing during a tight job market zachary g. ives , qiong luo sigmod record 2002",,,,interviewing during a tight job market acm sigmod record,"zachary g. ives , qiong luo",,2002.0
Yes,852,841,1,datawarehousing has more colours than just black & white vldb 1999,"thomas zurek , markus sinnwell",,,"datawarehousing has more colours than just black & ; white thomas zurek , markus sinnwell",,very large data bases,1999.0
Yes,884,1358,1,"biodiversity informatics : the challenge of rapid development , large databases , and complex data ( keynote ) vldb 2000","james l. edwards , meridith a. lane , ebbe nielsen",,,"biodiversity informatics : the challenge of rapid development , large databases , and complex data ( keynote ) meridith a. lane , james l. edwards , ebbe nielsen",,very large data bases,2000.0
Yes,886,1899,1,an orthogonally persistent java 1996,"mick j. jordan , susan spence , laurent daynès , malcolm p. atkinson , tony printezis",sigmod record,,"an orthogonally persistent java m. p. atkinson , l. dayn &#232; s , m. j. jordan , t. printezis , s. spence acm sigmod record",,,1996.0
Yes,888,2006,1,integration of electronic tickets and personal guide system for public transport using mobile terminals sigmod conference 2003,"yahiko kambayashi , koichi goto",,,integration of electronic tickets and personal guide system for public transport using mobile terminals international conference on management of data,"koichi goto , yahiko kambayashi",,2003.0
Yes,894,474,1,"eiha ?!? : deploying web and wap services using xml technology jean-christophe r. pazzaglia , chiara biancheri , gavino paddeu sigmod record",,,2001.0,"eiha ?!? : deploying web and wap services using xml technology chiara biancheri , jean-christophe pazzaglia , gavino paddeu acm sigmod record",,,2001.0
Yes,912,145,1,amdb : an access method debugging tool,"joseph m. hellerstein , mehul a. shah , marcel kornacker",sigmod conference,1998.0,amdb : an access method debugging tool international conference on management of data,"marcel kornacker , mehul shah , joseph m. hellerstein",,1998.0
Yes,930,770,1,from data independence to knowledge independence : an on-going story laurent vieille,,vldb,1998.0,from data independence to knowledge independence : an on-going story very large data bases,laurent vieille,,1998.0
Yes,969,133,1,ensuring consistency in multidatabases by preserving two-level serializability sharad mehrotra acm trans . database syst .,,,1998.0,ensuring consistency in multidatabases by preserving two-level serializability acm transactions on database systems ( tods ) 1998,"sharad mehrotra , rajeev rastogi , henry f. korth , abraham silberschatz",,
Yes,971,1152,1,"synchronization and recovery in a client-server storage system alexandros biliris , euthimios panagos vldb j.",,,1997.0,"synchronization and recovery in a client-server storage system e. panagos , a. biliris",,the vldb journal -- the international journal on very large data bases,1997.0
Yes,979,156,1,olympic records for data at the 1998 nagano games edwin r. lassettre,,sigmod conference,1998.0,olympic records for data at the 1998 nagano games 1998,edwin r. lassettre,international conference on management of data,
Yes,995,1445,1,"bigsur : a system for the management of earth science data paul brown , michael stonebraker 1995",,vldb,,bigsur : a system for the management of earth science data very large data bases 1995,"paul brown , michael stonebraker",,
Yes,996,1552,1,"data management research at the mitre corporation arnon rosenthal , edward lafferty , leonard j. seligman , catherine d. mccollum , bhavani m. thuraisingham , barbara t. blaustein 1995",,sigmod record,,data management research at the mitre corporation acm sigmod record 1995,"arnon rosenthal , len seligman , catherine mccollum , barbara blaustein , bhavani thuraisingham , edward lafferty",,
Yes,1000,261,1,monitoring xml data on the web sigmod conference 2001,"benjamin nguyen , serge abiteboul , gregory cobena , mihai preda",,,monitoring xml data on the web international conference on management of data 2001,"benjamin nguyen , serge abiteboul , gr &#233; gory cobena , miha &#237; preda",,
Yes,1006,727,1,"the sdss skyserver : public access to the sloan digital sky server data tanu malik , jordan raddick , alexander s. szalay , peter z. kunszt , jim gray , christopher stoughton , ani thakar , jan vandenberg",,sigmod conference,2002.0,the sdss skyserver : public access to the sloan digital sky server data 2002,"alexander s. szalay , jim gray , ani r. thakar , peter z. kunszt , tanu malik , jordan raddick , christopher stoughton , jan vandenberg",international conference on management of data,
Yes,1038,1859,1,transactional client-server cache consistency : alternatives and performance acm trans . database syst . 1997,"michael j. franklin , michael j. carey , miron livny",,,transactional client-server cache consistency : alternatives and performance acm transactions on database systems ( tods ) 1997,"michael j. franklin , michael j. carey , miron livny",,
Yes,1050,1320,1,"querying xml views of relational data jerry kiernan , jayavel shanmugasundaram , catalina fan , eugene j. shekita , john funderburk vldb 2001",,,,querying xml views of relational data,"jayavel shanmugasundaram , jerry kiernan , eugene j. shekita , catalina fan , john funderburk",very large data bases,2001.0
Yes,1051,1019,1,"clustering categorical data : an approach based on dynamical systems prabhakar raghavan , david gibson , jon m. kleinberg",,vldb,1998.0,"clustering categorical data : an approach based on dynamical systems david gibson , jon m. kleinberg , prabhakar raghavan very large data bases",,,1998.0
Yes,1055,997,1,resource scheduling for composite multimedia objects,"yannis e. ioannidis , minos n. garofalakis , banu özden",vldb,1998.0,"resource scheduling for composite multimedia objects minos n. garofalakis , yannis e. ioannidis , banu &#214; zden very large data bases 1998",,,
Yes,1076,1919,1,open gis and on-line environmental libraries 1997,kenn gardels,sigmod record,,open gis and on-line environmental libraries kenn gardels 1997,,acm sigmod record,
Yes,1080,320,1,"database research at the indian institute of technology , bombay 1996","s. seshadri , nandlal l. sarda , d. b. phatak , s. sudarshan",sigmod record,,"database research at the indian institute of technology , bombay 1996","d. b. phatak , n. l. sarda , s. seshadri , s. sudarshan",acm sigmod record,
Yes,1114,756,1,"database tuning : principles , experiments , and troubleshooting techniques ( part ii )","dennis shasha , philippe bonnet",sigmod conference,2002.0,"database tuning : principles , experiments , and troubleshooting techniques ( part ii ) dennis shasha , philippe bonnet international conference on management of data",,,2002.0
Yes,1117,1074,1,"efficient user-adaptable similarity search in large multimedia databases thomas seidl , hans-peter kriegel vldb 1997",,,,efficient user-adaptable similarity search in large multimedia databases very large data bases 1997,"thomas seidl , hans-peter kriegel",,
Yes,1119,1614,1,an annotated bibliography on real-time database systems 1995,özgür ulusoy,sigmod record,,an annotated bibliography on real-time database systems &#214; zg &#252; r ulusoy acm sigmod record 1995,,,
Yes,1120,1092,1,effective & efficient document ranking without using a large lexicon yasushi ogawa 1996,,vldb,,effective & ; efficient document ranking without using a large lexicon yasushi ogawa very large data bases,,,1996.0
Yes,1134,2026,1,data quality and data cleaning : an overview,"theodore johnson , tamraparni dasu",sigmod conference,2003.0,"data quality and data cleaning : an overview theodore johnson , tamraparni dasu international conference on management of data 2003",,,
Yes,1154,430,1,"efficient and extensible algorithms for multi query optimization s. sudarshan , siddhesh bhobe , s. seshadri , prasan roy 2000",,sigmod conference,,"efficient and extensible algorithms for multi query optimization prasan roy , s. seshadri , s. sudarshan , siddhesh bhobe international conference on management of data",,,2000.0
Yes,1158,175,1,microsoft universal data access platform sigmod conference 1998,"michael pizzo , josé a. blakeley",,,microsoft universal data access platform international conference on management of data 1998,"jos &#233; a. blakeley , michael j. pizzo",,
Yes,1164,329,1,"querying atsql databases with temporal logic jan chomicki , david toman , michael h. böhlen 2001",,acm trans . database syst .,,querying atsql databases with temporal logic acm transactions on database systems ( tods ) 2001,"jan chomicki , david toman , michael h. b &#246; hlen",,
Yes,1182,818,1,"ghost : fine granularity buffering of indexes cheng hian goh , kian-lee tan , beng chin ooi , d. sim vldb 1999",,,,"ghost : fine granularity buffering of indexes cheng hian goh , beng chin ooi , d. sim , kian-lee tan very large data bases",,,1999.0
Yes,1194,2177,1,"a requirement-based approach to data modeling and re-engineering christian t. ramiller , alice h. muntz vldb",,,1994.0,"a requirement-based approach to data modeling and re-engineering alice h. muntz , christian t. ramiller very large data bases 1994",,,
Yes,1211,2040,1,"stream processing of xpath queries with predicates ashish kumar gupta , dan suciu 2003",,sigmod conference,,stream processing of xpath queries with predicates international conference on management of data,"ashish kumar gupta , dan suciu",,2003.0
Yes,1219,882,1,data mining in the bioinformatics domain vldb 2000,shalom tsur,,,data mining in the bioinformatics domain shalom tsur very large data bases 2000,,,
Yes,1221,1616,1,coss : the common object services specifications sigmod conference 1994,bruce e. martin,,,coss : the common object services specifications bruce e. martin international conference on management of data,,,1994.0
Yes,1227,1346,1,"developing an indexing scheme for xml document collection using the oracle8i extensibility framework ying hu , timothy chorma , nipun agarwal , seema sundara , jagannathan srinivasan vldb",,,2001.0,developing an indexing scheme for xml document collection using the oracle8i extensibility framework,"seema sundara , ying hu , timothy chorma , nipun agarwal , jagannathan srinivasan",very large data bases,2001.0
Yes,1234,1641,1,xsb as an efficient deductive database engine 1994,"david scott warren , konstantinos f. sagonas , terrance swift",sigmod conference,,xsb as an efficient deductive database engine,"konstantinos sagonas , terrance swift , david s. warren",international conference on management of data,1994.0
Yes,1235,126,1,agent-based semantic interoperability in infosleuth,"bruce bargmeyer , brad perry , jerry fowler , marian h. nodine",sigmod record,1999.0,"agent-based semantic interoperability in infosleuth jerry fowler , brad perry , marian nodine , bruce bargmeyer 1999",,acm sigmod record,
Yes,1248,211,1,update propagation protocols for replicated databases 1999,"raghavan komondoor , abraham silberschatz , yuri breitbart , s. seshadri , rajeev rastogi",sigmod conference,,"update propagation protocols for replicated databates yuri breitbart , raghavan komondoor , rajeev rastogi , s. seshadri , avi silberschatz international conference on management of data 1999",,,
Yes,1249,538,1,cost models for overlapping and multiversion structures acm trans . database syst .,"yufei tao , jun zhang , dimitris papadias",,2002.0,"cost models for overlapping and multiversion structures yufei tao , dimitris papadias , jun zhang 2002",,acm transactions on database systems ( tods ),
Yes,1253,696,1,"proxy-based acceleration of dynamically generated content on the world wide web : an approach and implementation suresha , kaushik dutta , krithi ramamritham , anindya datta , helen m. thomas , debra e. vandermeer",,sigmod conference,2002.0,proxy-based acceleration of dynamically generated content on the world wide web : an approach and implementation international conference on management of data 2002,"anindya datta , kaushik dutta , helen thomas , debra vandermeer , suresha , krithi ramamritham",,
Yes,1263,1112,1,efficient search of multi-dimensional b-trees vldb,"dave birdsall , hedieh yaghmai , harry leslie , rohit jain",,1995.0,efficient search of multi-dimensional b-trees,"harry leslie , rohit jain , dave birdsall , hedieh yaghmai",very large data bases,1995.0
Yes,1264,1151,1,practical issues with commercial use of federated databases jim kleewein 1996,,vldb,,practical issues with commercial use of federated databases jim kleewein very large data bases,,,1996.0
Yes,1267,454,1,"cache invalidation scheme for mobile computing systems with real-time data hei-wing leung , joe chun-hung yuen , edward chan , kam-yiu lam sigmod record 2000",,,,"cache invalidation scheme for mobile computing systems with real-time data joe chun-hung yuen , edward chan , kam-yiu lam , h. w. leung 2000",,acm sigmod record,
Yes,1272,460,1,"a new approach to developing and implementing eager database replication protocols gustavo alonso , bettina kemme 2000",,acm trans . database syst .,,a new approach to developing and implementing eager database replication protocols 2000,"bettina kemme , gustavo alonso",acm transactions on database systems ( tods ),
Yes,1284,70,1,answering complex sql queries using automatic summary tables,"roberta cochrane , hamid pirahesh , monica urata , markos zaharioudakis , george lapis",sigmod conference,2000.0,answering complex sql queries using automatic summary tables international conference on management of data,"markos zaharioudakis , roberta cochrane , george lapis , hamid pirahesh , monica urata",,2000.0
Yes,1360,1053,1,pesto : an integrated query/browser for object databases vldb 1996,"laura m. haas , michael j. carey , vivekananda maganty , john h. williams",,,pesto : an integrated query/browser for object databases very large data bases,"michael j. carey , laura m. haas , vivekananda maganty , john h. williams",,1996.0
Yes,1380,2202,1,book review column karl aberer,,sigmod record,2003.0,book review column,karl aberer,acm sigmod record,2003.0
Yes,1419,2173,1,preference formulas in relational queries jan chomicki,,acm trans . database syst .,2003.0,preference formulas in relational queries acm transactions on database systems ( tods ),jan chomicki,,2003.0
Yes,1423,2049,1,composing xsl transformations with xml publishing views 2003,"chengkai li , p. p. s. narayan , henry f. korth , philip bohannon",sigmod conference,,composing xsl transformations with xml publishing views international conference on management of data 2003,"chengkai li , philip bohannon , p. p. s. narayan",,
Yes,1472,1136,1,the query optimizer in tandem 's new serverware sql product pedro celis vldb,,,1996.0,the query optimizer in tandem 's new serverware sql product very large data bases 1996,pedro celis,,
Yes,1485,737,1,"a brief survey of web data extraction tools berthier a. ribeiro-neto , alberto h. f. laender , altigran soares da silva , juliana s. teixeira sigmod record 2002",,,,"a brief survey of web data extraction tools alberto h. f. laender , berthier a. ribeiro-neto , altigran s. da silva , juliana s. teixeira acm sigmod record",,,2002.0
Yes,1498,1203,1,mariposa : a wide-area distributed database system,"carl staelin , paul m. aoki , witold litwin , michael stonebraker , adam sah , jeff sidell , andrew yu , avi pfeffer",vldb j.,1996.0,mariposa : a wide-area distributed database system,"michael stonebraker , paul m. aoki , witold litwin , avi pfeffer , adam sah , jeff sidell , carl staelin , andrew yu",the vldb journal -- the international journal on very large data bases,1996.0
Yes,1505,2198,1,distributed deviation detection in sensor networks sigmod record 2003,"dimitrios gunopulos , themistoklis palpanas , dimitris papadopoulos , vana kalogeraki",,,"distributed deviation detection in sensor networks themistoklis palpanas , dimitris papadopoulos , vana kalogeraki , dimitrios gunopulos acm sigmod record",,,2003.0
Yes,1514,1837,1,the sr-tree : an index structure for high-dimensional nearest neighbor queries,"norio katayama , shin ` ichi satoh",sigmod conference,1997.0,"the sr-tree : an index structure for high-dimensional nearest neighbor queries norio katayama , shin ` ichi satoh international conference on management of data",,,1997.0
Yes,1520,1530,1,"qbi : query by icons antonio massari , panos k. chrysanthis , lorenzo saladini , stefano pavani 1995",,sigmod conference,,qbi : query by icons,"antonio massari , stefano pavani , lorenzo saladini , panos k. chrysanthis",international conference on management of data,1995.0
Yes,1523,1263,1,a graph-theoretic model for optimizing queries involving methods,"yaw-huei chen , chi-sheng shih , chiang lee",vldb j.,2001.0,"a graph-theoretic model for optimizing queries involving methods chiang lee , chi-sheng shih , yaw-huei chen the vldb journal -- the international journal on very large data bases 2001",,,
Yes,1536,874,1,"toto , we 're not in kansas anymore : on transitioning from research to the real ( invited industrial talk ) 2000",michael j. carey,vldb,,"toto , we 're not in kansas anymore : on transitioning from research to the real ( invited industrial talk ) michael j. carey very large data bases",,,2000.0
Yes,1538,873,1,"automated selection of materialized views and indexes in sql databases surajit chaudhuri , sanjay agrawal , vivek r. narasayya vldb 2000",,,,"automated selection of materialized views and indexes in sql databases sanjay agrawal , surajit chaudhuri , vivek r. narasayya 2000",,very large data bases,
Yes,1547,457,1,comparative analysis of six xml schema languages,"dongwon lee , wesley w. chu",sigmod record,2000.0,"comparative analysis of six xml schema languages dongwon lee , wesley w. chu acm sigmod record 2000",,,
Yes,1549,1747,1,"the five-minute rule ten years later , and other computer storage rules of thumb sigmod record","jim gray , goetz graefe",,1997.0,"the five-minute rule ten years later , and other computer storage rules of thumb jim gray , goetz graefe 1997",,acm sigmod record,
Yes,1564,1679,1,"dblearn : a system prototype for knowledge discovery in relational databases yue huang , yandong cai , yongjian fu , nick cercone , jiawei han sigmod conference 1994",,,,dblearn : a system prototype for knowledge discovery in relational databases international conference on management of data 1994,"jiawei han , yongjian fu , yue huang , yandong cai , nick cercone",,
Yes,1567,442,1,"counting , enumerating , and sampling of execution plans in a cost-based query optimizer césar a. galindo-legaria , florian waas 2000",,sigmod conference,,"counting , enumerating , and sampling of execution plans in a cost-based query optimizer international conference on management of data","florian waas , c &#233; sar galindo-legaria",,2000.0
Yes,1573,350,1,supporting global user profiles through trusted authorities sigmod record,ibrahim cingil,,2002.0,supporting global user profiles through trusted authorities acm sigmod record 2002,ibrahim cingil,,
Yes,1598,221,1,efficient concurrency control in multidimensional access methods 1999,"sharad mehrotra , kaushik chakrabarti",sigmod conference,,efficient concurrency control in multidimensional access methods 1999,"kaushik chakrabarti , sharad mehrotra",international conference on management of data,
Yes,1618,1283,1,"data staging for on-demand broadcast stanley b. zdonik , demet aksoy , michael j. franklin vldb",,,2001.0,data staging for on-demand broadcast,"demet aksoy , michael j. franklin , stanley b. zdonik",very large data bases,2001.0
Yes,1648,614,1,quickstore : a high performance mapped object store 1995,"seth j. white , david j. dewitt",vldb j.,,"quickstore : a high performance mapped object store seth j. white , david j. dewitt 1995",,the vldb journal -- the international journal on very large data bases,
Yes,1654,450,1,vldb workshop on technologies in e-services ( tes ) 2000,"ming-chien shan , fabio casati , umeshwar dayal",sigmod record,,report on the vldb workshop on technologies for e-services ( tes ) acm sigmod record 2000,"fabio casati , umesh dayal , ming-chien shan",,
Yes,1659,1671,1,the medusa project : autonomous data management in a shared-nothing parallel database machine sigmod conference,"george m. bryan , j. geyer , wayne e. moore , b. j. curry , k. w. lodge",,1994.0,"the medusa project : autonomous data management in a shared-nothing parallel database machine g. m. bryan , w. e. moore , b. j. curry , k. w. lodge , j. geyer 1994",,international conference on management of data,
Yes,1667,16,1,"dbis-toolkit : adaptable middleware for large scale data delivery demet aksoy , mehmet altinel , stanley b. zdonik , thomas baby , william shapiro , michael j. franklin sigmod conference",,,1999.0,"dbis-toolkit : adaptable middleware for large scale data delivery mehmet altinel , demet aksoy , thomas baby , michael franklin , william shapiro , stan zdonik international conference on management of data",,,1999.0
Yes,1671,7,1,"the jungle database search engine linas bukauskas , curtis e. dyreson , michael h. böhlen sigmod conference",,,1999.0,"the jungle database search engine michael b &#246; hlen , linas bukauskas , curtis dyreson",,international conference on management of data,1999.0
Yes,1684,1381,1,"social , educational , and governmental change enabled through information technology vldb","michael eitan , valerie gregg , carlo batini , d. b. phatak , yeha el atfi , krithi ramamritham",,2000.0,"social , educational , and governmental change enabled through information technology very large data bases 2000","krithi ramamritham , yeha el atfi , carlo batini , michael eitan , valerie gregg , d. b. phatak",,
Yes,1689,1622,1,parallel database systems in the 1990 's michael j. carey,,sigmod conference,1994.0,parallel database systems in the 1990 's michael j. carey 1994,,international conference on management of data,
Yes,1739,573,1,"xml document versioning carlo zaniolo , vassilis j. tsotras , shu-yao chien sigmod record 2001",,,,"xml document versioning shu yao chien , vassilis j. tsotras , carlo zaniolo 2001",,acm sigmod record,
Yes,1750,1757,1,"asserting beliefs in mls relational models nenad jukic , susan v. vrbsky 1997",,sigmod record,,"asserting beliefs in mls relational models nenad a. jukic , susan v. vrbsky",,acm sigmod record,1997.0
Yes,1769,693,1,"a scalable hash ripple join algorithm peter j. haas , jeffrey f. naughton , gang luo , curt ellmann sigmod conference",,,2002.0,a scalable hash ripple join algorithm 2002,"gang luo , curt j. ellmann , peter j. haas , jeffrey f. naughton",international conference on management of data,
Yes,1773,641,1,an adaptive peer-to-peer network for distributed caching of olap results 2002,"beng chin ooi , dimitris papadias , kian-lee tan , wee siong ng , panos kalnis",sigmod conference,,an adaptive peer-to-peer network for distributed caching of olap results international conference on management of data 2002,"panos kalnis , wee siong ng , beng chin ooi , dimitris papadias , kian-lee tan",,
Yes,1783,2035,1,exchanging intensional xml data 2003,"omar benjelloun , tova milo , serge abiteboul , frederic dang ngoc , bernd amann",sigmod conference,,"exchanging intensional xml data tova milo , serge abiteboul , bernd amann , omar benjelloun , fred dang ngoc",,international conference on management of data,2003.0
Yes,1794,2013,1,peerdb : peering into personal databases sigmod conference,"chu yee liau , aoying zhou , wee siong ng , ming zhang , bo ling , chin hong goh , yanfeng shu , kian-lee tan , yingguang li , xiaoyu wang , beng chin ooi",,2003.0,peerdb : peering into personal databases 2003,"beng chin ooi , kian-lee tan , aoying zhou , chin hong goh , yingguang li , chu yee liau , bo ling , wee siong ng , yanfeng shu , xiaoyu wang , ming zhang",international conference on management of data,
Yes,1808,1979,1,improved histograms for selectivity estimation of range predicates,"eugene j. shekita , viswanath poosala , yannis e. ioannidis , peter j. haas",sigmod conference,1996.0,"improved histograms for selectivity estimation of range predicates viswanath poosala , peter j. haas , yannis e. ioannidis , eugene j. shekita international conference on management of data 1996",,,
Yes,1814,1496,1,upsizing from file server to clent server architectures the access team,,sigmod conference,1995.0,upsizing form file server to client server architectures corporate the access team microsoft international conference on management of data 1995,,,
Yes,1835,184,1,wavelet-based histograms for selectivity estimation sigmod conference 1998,"jeffrey scott vitter , yossi matias , min wang",,,wavelet-based histograms for selectivity estimation international conference on management of data 1998,"yossi matias , jeffrey scott vitter , min wang",,
Yes,1841,397,1,anatomy of a real e-commerce system anant jhingran sigmod conference 2000,,,,anatomy of a real e-commerce system anant jhingran international conference on management of data 2000,,,
Yes,1849,2017,1,"timber : a native system for querying xml laks v. s. lakshmanan , stelios paparizos , nuwee wiwatwattana , cong yu , jignesh m. patel , h. v. jagadish , andrew nierman , divesh srivastava , adriane chapman , yuqing wu , shurug al-khalifa sigmod conference",,,2003.0,timber : a native system for querying xml 2003,"stelios paparizos , shurug al-khalifa , adriane chapman , h. v. jagadish , laks v. s. lakshmanan , andrew nierman , jignesh m. patel , divesh srivastava , nuwee wiwatwattana , yuqing wu , cong yu",international conference on management of data,
Yes,1857,759,1,"bringing order to query optimization giedrius slivinskas , richard t. snodgrass , christian s. jensen sigmod record",,,2002.0,"bringing order to query optimization giedrius slivinskas , christian s. jensen , richard thomas snodgrass acm sigmod record 2002",,,
Yes,1879,303,1,"locally adaptive dimensionality reduction for indexing large time series databases kaushik chakrabarti , sharad mehrotra , eamonn j. keogh , michael j. pazzani sigmod conference 2001",,,,locally adaptive dimensionality reduction for indexing large time series databases 2001,"eamonn keogh , kaushik chakrabarti , michael pazzani , sharad mehrotra",international conference on management of data,
Yes,1886,1986,1,"towards effective and efficient free space management marvin h. solomon , michael j. carey , mark l. mcauliffe sigmod conference 1996",,,,"towards effective and efficient free space management mark l. mcauliffe , michael j. carey , marvin h. solomon international conference on management of data 1996",,,
Yes,1887,2078,1,approximate join processing over data streams 2003,"johannes gehrke , abhinandan das , mirek riedewald",sigmod conference,,"approximate join processing over data streams abhinandan das , johannes gehrke , mirek riedewald",,international conference on management of data,2003.0
Yes,1907,1311,1,index structures for selective dissemination of information under the boolean model 1994,"tak w. yan , hector garcia-molina",acm trans . database syst .,,"index structures for selective dissemination of information under the boolean model tak w. yan , h &#233; ctor garc &#237; a-molina acm transactions on database systems ( tods )",,,1994.0
Yes,1909,2079,1,distributed top-k monitoring 2003,"chris olston , brian babcock",sigmod conference,,distributed top-k monitoring 2003,"brian babcock , chris olston",international conference on management of data,
Yes,1928,630,1,"characterization of database access pattern for analytic prediction of buffer hit probability jen-yao chung , asit dan , philip s. yu",,vldb j.,1995.0,"characterization of database access pattern for analytic prediction of buffer hit probability asit dan , philip s. yu , jen yao chung the vldb journal -- the international journal on very large data bases",,,1995.0
Yes,1935,498,1,"report in isdo ' 00 : the caise * 00 workshop on infrastructures for dynamic business-to-business service outsourcinga paul w. p. j. grefen , heiko ludwig 2000",,sigmod record,,report on isdo ' 00 : the caise * 00 workshop on infrastructures for dynamic business-to-business service outsourcing acm sigmod record,"heiko ludwig , paul grefen",,2000.0
Yes,1960,1582,1,"a comparison of three user interfaces to relational microcomputer data bases carl medsker , margaret christensen , il-yeol song sigmod record",,,1995.0,a comparison of three user interfaces to relational microcomputer data bases acm sigmod record 1995,"carl medsker , margaret christensen , il-yeol song",,
Yes,1972,778,1,binding propagation in disjunctive databases vldb 1998,sergio greco,,,binding propagation in disjunctive databases sergio greco,,very large data bases,1998.0
Yes,2003,804,1,context-based prefetch for implementing objects on relations vldb,"philip a. bernstein , david shutt , shankar pal",,1999.0,context-based prefetch for implementing objects on relations 1999,"philip a. bernstein , shankar pal , david shutt",very large data bases,
Yes,2017,19,1,"domino : databases for moving objects tracking jutai zhou , ouri wolfson , sam chamberlain , a. prasad sistla , bo xu sigmod conference",,,1999.0,domino : databases for moving objects tracking international conference on management of data,"ouri wolfson , prasad sistla , bo xu , jutai zhou , sam chamberlain",,1999.0
Yes,2019,1773,1,workshop report on experiences using object data management in the real-world akmal b. chaudhri 1998,,sigmod record,,workshop report on experiences using object data management in the real-world akmal b. chaudhri,,acm sigmod record,1998.0
Yes,2040,687,1,"statistical synopses for graph-structured xml databases minos n. garofalakis , neoklis polyzotis sigmod conference 2002",,,,statistical synopses for graph-structured xml databases 2002,"neoklis polyzotis , minos garofalakis",international conference on management of data,
Yes,2051,1790,1,"exploratory mining and pruning optimizations of constrained association rules alex pang , jiawei han , raymond t. ng , laks v. s. lakshmanan 1998",,sigmod conference,,exploratory mining and pruning optimizations of constrained associations rules,"raymond t. ng , laks v. s. lakshmanan , jiawei han , alex pang",international conference on management of data,1998.0
Yes,2057,1533,1,"datamine - interactive rule discovery system aashu virmani , tomasz imielinski 1995",,sigmod conference,,datamine-interactive rule discovery system international conference on management of data,"t. imielinski , a. virmani",,1995.0
Yes,2076,2032,1,"mapping data in peer-to-peer systems : semantics and algorithmic issues renée j. miller , anastasios kementsietsidis , marcelo arenas sigmod conference 2003",,,,mapping data in peer-to-peer systems : semantics and algorithmic issues international conference on management of data 2003,"anastasios kementsietsidis , marcelo arenas , ren &#233; e j. miller",,
Yes,2098,268,1,the network is the database : data management for highly distributed systems sigmod conference,"michael j. wynblatt , julio c. navas",,2001.0,the network is the database : data management for highly distributed systems international conference on management of data 2001,"julio c. navas , michael wynblatt",,
Yes,2124,966,1,plan-per-tuple optimization solution - parallel execution of expensive user-defined functions 1998,"felipe cariño , william o'connell",vldb,,"plan-per-tuple optimization solution - parallel execution of expensive user-defined functions felipe cari &#241; o , william o'connell very large data bases",,,1998.0
Yes,2129,1114,1,promises and realities of active database systems 1995,"eric simon , angelika kotz dittrich",vldb,,promises and realities of active database systems very large data bases 1995,"eric simon , angelika kotz dittrich",,
Yes,2156,961,1,"nd-sql : a multi-dimensional language for interoperability and olap laks v. s. lakshmanan , frédéric gingras 1998",,vldb,,nd-sql : a multi-dimensional language for interoperability and olap very large data bases 1998,"fr &#233; d &#233; ric gingras , laks v. s. lakshmanan",,
Yes,2253,298,1,stholes : a multidimensional workload-aware histogram sigmod conference 2001,"luis gravano , nicolas bruno , surajit chaudhuri",,,"stholes : a multidimensional workload-aware histogram nicolas bruno , surajit chaudhuri , luis gravano 2001",,international conference on management of data,
Yes,2256,1115,1,"databases and workflow management : what is it all about ? ( panel ) jim gray , betty salzberg , stefano ceri , andreas reuter , gerhard weikum vldb",,,1995.0,"databases and workflow management : what is it all about ? ( panel ) andreas reuter , stefano ceri , jim gray , betty salzberg , gerhard weikum very large data bases 1995",,,
Yes,2271,776,1,wavecluster : a multi-resolution clustering approach for very large spatial databases vldb,"surojit chatterjee , gholamhosein sheikholeslami , aidong zhang",,1998.0,wavecluster : a multi-resolution clustering approach for very large spatial databases,"gholamhosein sheikholeslami , surojit chatterjee , aidong zhang",very large data bases,1998.0
Yes,2284,284,1,ominisearch : a method for searching dynamic content on the web 2001,"henrique paques , ling liu , david buttler , calton pu",sigmod conference,,ominisearch : a method for searching dynamic content on the web international conference on management of data 2001,"david buttler , ling liu , calton pu , henrique paques , wei han , wei tang",,
Yes,2292,1818,1,"an array-based algorithm for simultaneous multidimensional aggregates jeffrey f. naughton , yihong zhao , prasad deshpande 1997",,sigmod conference,,an array-based algorithm for simultaneous multidimensional aggregates,"yihong zhao , prasad m. deshpande , jeffrey f. naughton",international conference on management of data,1997.0
Yes,2299,1326,1,"query engines for web-accessible xml data ramez elmasri , leonidas fegaras vldb 2001",,,,query engines for web-accessible xml data very large data bases 2001,"leonidas fegaras , ramez elmasri",,
Yes,2313,1771,1,"mining fuzzy association rules in databases ada wai-chee fu , man hon wong , chan man kuok sigmod record",,,1998.0,mining fuzzy association rules in databases acm sigmod record 1998,"chan man kuok , ada fu , man hon wong",,
Yes,2330,1056,1,scientific journals : extinction or explosion ? ( panel ) vldb,"gio wiederhold , abraham silberschatz , gerhard rossbach , raghu ramakrishnan , jaco zijlstra , hector garcia-molina",,1995.0,"scientific journals : extinction or explosion ? ( panel ) raghu ramakrishnan , hector garcia-molina , gerhard rossbach , abraham silberschatz , gio wiederhold , jaco zijlstra 1995",,very large data bases,
Yes,2342,1387,1,hypothetical queries in an olap environment vldb,"thanos papadimitriou , andrey balmin , yannis papakonstantinou",,2000.0,"hypothetical queries in an olap environment andrey balmin , thanos papadimitriou , yannis papakonstantinou 2000",,very large data bases,
Yes,2347,1335,1,functional properties of information filtering,"masahiko tsukamoto , shojiro nishio , tsutomu terada , rie sawai , yin-huei loh",vldb,2001.0,functional properties of information filtering,"rie sawai , masahiko tsukamoto , yin-huei loh , tsutomu terada , shojiro nishio",very large data bases,2001.0
Yes,2358,869,1,the challenge of process data warehousing,"matthias jarke , jörg köller , thomas list",vldb,2000.0,the challenge of process data warehousing 2000,"matthias jarke , thomas list , j &#246; rg k &#246; ller",very large data bases,
Yes,2372,993,1,diag-join : an opportunistic join algorithm for 1 : n relationships,"sven helmer , guido moerkotte , till westmann",vldb,1998.0,diag-join : an opportunistic join algorithm for 1 : n relationships very large data bases,"sven helmer , till westmann , guido moerkotte",,1998.0
Yes,2397,1025,1,"selectivity estimation without the attribute value independence assumption viswanath poosala , yannis e. ioannidis 1997",,vldb,,"selectivity estimation without the attribute value independence assumption viswanath poosala , yannis e. ioannidis 1997",,very large data bases,
Yes,2406,1083,1,describing and using query capabilities of heterogeneous sources vldb,"yannis papakonstantinou , vasilis vassalos",,1997.0,describing and using query capabilities of heterogeneous sources,"vasilis vassalos , yannis papakonstantinou",very large data bases,1997.0
Yes,2410,1202,1,"a predicate-based caching scheme for client-server database architectures julie basu , arthur m. keller",,vldb j.,1996.0,a predicate-based caching scheme for client-server database architectures 1996,"arthur m. keller , julie basu",the vldb journal -- the international journal on very large data bases,
Yes,2420,797,1,"an adaptive hybrid server architecture for client caching odbmss m. tamer özsu , kaladhar voruganti , ronald c. unrau",,vldb,1999.0,an adaptive hybrid server architecture for client caching odbmss 1999,"kaladhar voruganti , m. tamer &#214; zsu , ronald c. unrau",very large data bases,
Yes,2450,198,1,mind your vocabulary : query mapping across heterogeneous information sources sigmod conference,"kevin chen-chuan chang , hector garcia-molina",,1999.0,mind your vocabulary : query mapping across heterogeneous information sources international conference on management of data 1999,"chen-chuan k. chang , h &#233; ctor garc &#237; a-molina",,
Yes,2451,539,1,fast incremental maintenance of approximate histograms acm trans . database syst .,"viswanath poosala , phillip b. gibbons , yossi matias",,2002.0,"fast incremental maintenance of approximate histograms phillip b. gibbons , yossi matias , viswanath poosala",,acm transactions on database systems ( tods ),2002.0
Yes,2460,2159,1,very large databases in a commercial application environment vldb 1996,karl-heinz hess,,,very large databases in a commercial application environment very large data bases,karl-heinz hess,,1996.0
Yes,2472,1109,1,metrics for accessing heterogeneous data : is there any hope ? ( panel ) 1995,"michael stonebraker , nicholas j. belkin , gio wiederhold , erich j. neuhold , leonard j. seligman",vldb,,metrics for accessing heterogeneous data : is there any hope ? ( panel ),"leonard j. seligman , nicholas j. belkin , erich j. neuhold , michael stonebraker , gio wiederhold",very large data bases,1995.0
Yes,2483,1553,1,"turmoil at nasa , and numerous funding announcements sigmod record",xiaolei qian,,1995.0,"turmoil at nasa , and numerous funding announcements 1995",xiaolei qian,acm sigmod record,
Yes,2536,337,1,"schemasql : an extension to sql for multidatabase interoperability fereidoon sadri , laks v. s. lakshmanan , subbu n. subramanian acm trans . database syst . 2001",,,,schemasql : an extension to sql for multidatabase interoperability 2001,"laks v. s. lakshmanan , fereidoon sadri , subbu n. subramanian",acm transactions on database systems ( tods ),
Yes,2551,1436,1,"a product specification database for visual prototyping kouichi yasutake , kazutoshi sumiya , yoshihiko imai , hirohiko tanaka , norio sanada vldb",,,1995.0,a product specification database for visual prototyping,"kazutoshi sumiya , kouichi yasutake , hirohiko tanaka , norio sanada , yoshihiko imai",very large data bases,1995.0
Yes,2558,1167,1,concurrency control in hierarchical multidatabase systems,"henry f. korth , abraham silberschatz , sharad mehrotra",vldb j.,1997.0,"concurrency control in hierarchical multidatabase systems sharad mehrotra , henry f. korth , avi silberschatz 1997",,the vldb journal -- the international journal on very large data bases,
Yes,2575,97,1,"the oasis multidatabase prototype john murphy , mark roantree , wilhelm hasselbring sigmod record 1999",,,,the oasis multidatabase prototype acm sigmod record,"mark roantree , john murphy , wilhelm hasselbring",,1999.0
Yes,2597,1982,1,an open storage system for abstract objects sigmod conference,"lukas relly , stephen blott , hans-jörg schek",,1996.0,"an open abstract-object storage system stephen blott , lukas relly , hans-j &#246; rg schek international conference on management of data 1996",,,
Yes,2599,434,1,indexing images in oracle8i sigmod conference,"melliyal annamalai , samuel defazio , rajiv chopra",,2000.0,indexing images in oracle8i,"melliyal annamalai , rajiv chopra , samuel defazio , susan mavris",international conference on management of data,2000.0
Yes,2604,1334,1,"dynamic update cube for range-sum queries seok-ju chun , ju-hong lee , seok-lyong lee , chin-wan chung vldb",,,2001.0,dynamic update cube for range-sum queries very large data bases,"seok-ju chun , chin-wan chung , ju-hong lee , seok-lyong lee",,2001.0
