label_str,ltable_id,rtable_id,label,id_x,name_x,description_x,price_x,id_y,name_y,description_y,price_y
No,665,633,0,665,panasonic dect 6.0 black metallic expandable digital cordless phone system kxtg9332t,panasonic dect 6.0 black metallic expandable digital cordless phone system kxtg9332t 2 handsets up to 6 multi-handset capability digital answering machine system ringer id call waiting caller id voicemail hold mute clock alarm led lighting night mode call block speakerphone 11 days standby 5 hours talk time black metallic finish,,633,panasonic kx-tg9372b expandable digital cordless phone,1 x phone line ( s ) black,86.54
No,997,542,0,997,canon pink 8.0 megapixel powershot digital camera sd1100isp,canon pink 8.0 megapixel powershot digital camera sd1100isp 8.0 megapixel 3x optical zoom 2.5 ' color lcd 18 shooting modes red-eye correction face detection technology isaps technology melody pink finish,178.0,542,canon powershot sd1100 is digital elph camera swing silver 2508b001,"canon powershot sd1100 is 8 megapixels , iso 1600 , 3x optical zoom digital camera swing silver",
No,665,634,0,665,panasonic dect 6.0 black metallic expandable digital cordless phone system kxtg9332t,panasonic dect 6.0 black metallic expandable digital cordless phone system kxtg9332t 2 handsets up to 6 multi-handset capability digital answering machine system ringer id call waiting caller id voicemail hold mute clock alarm led lighting night mode call block speakerphone 11 days standby 5 hours talk time black metallic finish,,634,panasonic kx-tg9344t expandable digital cordless phone,1 x phone line ( s ),116.21
No,696,773,0,696,lg lfc25770sw 25.0 cu . ft. smooth white french door bottom freezer refrigerator lfc25770wh,lg lfc25770sw 25.0 cu . ft. smooth white french door bottom freezer refrigerator lfc25770wh 4 slide out tempered glass shelves internal led touch pad digital temperature controls 2 humidity crispers 4 compartment crisper system multi air flow cooling iceplus accelerated freezing function lodecibel quiet operation bioshield anti bacterial door seal pull out freezer drawer smooth white finish,,773,lg 25 cf refrigerator 3 door white tall,,
No,665,641,0,665,panasonic dect 6.0 black metallic expandable digital cordless phone system kxtg9332t,panasonic dect 6.0 black metallic expandable digital cordless phone system kxtg9332t 2 handsets up to 6 multi-handset capability digital answering machine system ringer id call waiting caller id voicemail hold mute clock alarm led lighting night mode call block speakerphone 11 days standby 5 hours talk time black metallic finish,,641,panasonic kx-tg9348t expandable digital cordless phone,1 x phone line ( s ) metallic black,
No,563,764,0,563,sony black 1080p upscaling dvd player dvpns700hb,sony black 1080p upscaling dvd player dvpns700hb 1080p upscaling video output through hdmi connection bravia sync high resolution jpeg output precision cinema progressive technology precision drive child lock multi disc resume multi brand tv remote control black finish,,764,sony dvp-ns700h / s dvd player dvpns700hs,"dvd + rw , dvd-rw , dvd + r , dvd-r , cd-rw dvd video , cd-da , mp3 , jpeg , svcd , video cd playback 1 disc ( s ) progressive scan silver",111.68
No,528,879,0,528,sony dvp-fx820 black 8 ' portable dvd player dvpfx820,"sony dvp-fx820 black 8 ' portable dvd player dvpfx820 swivel & flip screen with dual sensor for remote control control buttons on screen bezel 12 bit video dac with 108 mhz processing removable , rechargeable battery & car adapter included black finish",,879,sony dvpfx820 portable dvd player dvpfx820/w,"8 ' lcd dvd + rw , dvd-rw , dvd + r , dvd-r , cd-rw dvd video , mp3 , jpeg playback 1 disc ( s ) progressive scan white",149.0
No,692,784,0,692,lg 5.6 cu . ft. black freestanding electric range lre30453bk,lg 5.6 cu . ft. black freestanding electric range lre30453bk intuitouch control system evenjet convection system 5.6 cubic capacity wideview oven window 5 radiant elements 25 heating settings black finish,,784,lg 5.6 cu.ft . freestanding electric range,,
No,301,426,0,301,lg wm2233w 4.0 cu ft white front load washer wm2233wh,lg wm2233w 4.0 cu ft white front load washer wm2233wh 4.0 cu . ft. capacity senseclean system water heater 7 washing programs 5 temperature levels 4 tray detergent dispenser sanitary cycle 1100 rpm maximum spin white finish,,426,lg 4.0 cu . ft. capacity front load washer w / sanitary cycle,,
No,1007,423,0,1007,lg white xl load capacity electric dryer dle0442wh,lg white xl load capacity electric dryer dle0442wh 7.3 cu . ft. capacity sensor dry system 9 drying programs 5 temperature levels precise temperature control with a variable heat source drying rack upfront electronic control with dial-a-cycle porcelain top lodecibel quiet operation white finish,,423,lg electric dryer with 9 drying programs,,
No,948,1000,0,948,canon powershot black 14.7 megapixel digital camera sd990isb,canon powershot black 14.7 megapixel digital camera sd990isb 14.7 megapixel 3.7 x optical zoom optical image stabilizer optical viewfinder large high-quality 2.5 ' purecolor lcd digic 4 image processor face detection self-timer intelligent contrast correction quick mode print/share button black finish,,1000,"canon powershot sd990 is 14 megapixel digital camera w / 3.7 x optical zoom , ua len , face detection , 2.5 lcd , & iso 1600 silver 3191b001",,299.88
No,479,792,0,479,sony black cyber-shot digital camera dscw150b,sony dscw150 black cyber-shot digital camera dscw150b 8.1 megapixels 2.7 ' lcd display 15 mb internal memory carl zeiss 5x optical zoom lens 16:9 high-resolution mode 9-point auto focus automatic macro shooting high sensitivity mode burst mode face detection intelligent scene recognition mode in-camera retouching super steadyshot optical image stabilization with anti-blur solution music slideshow hdtv compatibility beginner-friendly function guide black finish,,792,sony cyber-shot dsc-w150 digital camera red dscw150r,8.1 megapixel 16:9 2x digital zoom 2.7 ' active matrix tft color lcd,139.94
No,665,639,0,665,panasonic dect 6.0 black metallic expandable digital cordless phone system kxtg9332t,panasonic dect 6.0 black metallic expandable digital cordless phone system kxtg9332t 2 handsets up to 6 multi-handset capability digital answering machine system ringer id call waiting caller id voicemail hold mute clock alarm led lighting night mode call block speakerphone 11 days standby 5 hours talk time black metallic finish,,639,panasonic kx-tg9333t cordless phone kx-tg9333t,panasonic dect 6.0 1.9 ghz expandable cordless phone with digital answering system,
No,587,230,0,587,belkin cush top for computer laptop f8n044org,"belkin cush top for computer laptop f8n044org uniquely designed soft material for comfortable laptop use on the couch , bed , or floor convenient storage pocket center multi-sides accommodate any side laptop 6 colors to choose from orange finish",,230,belkin cushtop f8n044-grn,- green,
No,749,639,0,749,panasonic dect 6.0 silver expandable digital cordless phone system kxtg9332s,panasonic dect 6.0 silver expandable digital cordless phone system kxtg9332s 2 handsets system digital answering machine ringer id talking caller id voicemail hold mute clock alarm led lighting night mode speakerphone intercom 11 days standby 5 hours talk time silver finish,,639,panasonic kx-tg9333t cordless phone kx-tg9333t,panasonic dect 6.0 1.9 ghz expandable cordless phone with digital answering system,
No,386,424,0,386,lg dlex8377nm navy blue xl capacity electric steamdryer dlex8377blue,lg dlex8377nm navy blue xl capacity electric steamdryer dlex8377blue 7.3 cu . ft. capacity intelligent electronic controls with dual led display and dial-a-cycle dual humidity sensors precise temperature control with a variable heater 4 way venting drum light navy blue finish,,424,lg xl capacity electric dryer,,
No,405,628,0,405,sony mylo black personal communicator com2black,sony mylo black personal communicator com2black 3.5 ' wvga lcd touch screen 1.3 megapixel camera voice calling with skype ieee 802.11 b/g wireless lan music and video player memory stick duo/pro duo expansion slot 1gb internal memory built-in microphone black finish,,628,"sony mylo com-2 pda ( 1gb , memory stick duo ) personal communicator com2white",,197.88
No,764,634,0,764,panasonic black expandable digital cordless dect 6.0 phone system kxtg9348t,panasonic black expandable digital cordless dect 6.0 phone system kxtg9348t automatic clarity booster 5 hours talk time 11 days standby white backlit lcd 6-step speakerphone volume 1 drop & splash resistant phone 1.9 ghz frequency range night mode black finish,,634,panasonic kx-tg9344t expandable digital cordless phone,1 x phone line ( s ),116.21
No,669,587,0,669,sony dslr-a350 digital camera and 18-70mm zoom lens dslra350k,sony dslr-a350 digital camera and 18-70mm zoom lens dslra350k 14.2 megapixel tiltable 2.7 clear photo lcd plus screen smart teleconverter 2x zoom bionz image processor super steadyshot in-camera image stabilization anti-dust technology eye-start autofocus system auto pop-up flash black finish,,587,sony alpha dslr-a350 digital slr camera dslra350,14.2 megapixel 16:9 2.7 ' active matrix tft color lcd,594.73
No,141,173,0,141,panasonic lithium ion rechargeable battery black finish cgrs006a1b,panasonic lithium ion rechargeable battery cgrs006a1b compatible with dmcfz7 and dmcfz30 digital cameras,,173,panasonic cga-s007a / 1b lithium ion digital camera battery,lithium ion ( li-ion ) 3.7 v dc photo battery,
No,388,453,0,388,lg dlex8377wm white xl capacity electric steamdryer dlex8377wh,lg dlex8377wm white xl capacity electric steamdryer dlex8377wh 7.3 cu . ft. capacity intelligent electronic controls with dual led display and dial-a-cycle dual humidity sensors precise temperature control with a variable heater 4 way venting drum light white finish,,453,lg 27 ' front-load electric dryer with 7.3 cu . ft. capacity,,
No,764,635,0,764,panasonic black expandable digital cordless dect 6.0 phone system kxtg9348t,panasonic black expandable digital cordless dect 6.0 phone system kxtg9348t automatic clarity booster 5 hours talk time 11 days standby white backlit lcd 6-step speakerphone volume 1 drop & splash resistant phone 1.9 ghz frequency range night mode black finish,,635,panasonic kx-tg9343t cordless phone,panasonic kx-tg9343t dect 6.0 expandable digital cordless answering system w/3 handsets,102.12
No,298,423,0,298,lg pearl gray xl capacity electric dryer dle5955g,lg pearl gray xl capacity electric dryer dle5955g 7.3 cu . ft. capacity 9 drying programs 5 temperature levels precise temperature control with variable heat source flowsense duct clogging indicator upfront electronic control panel with dual led display and dial-a-cycle lodecibel quiet operation pearl gray finish,,423,lg electric dryer with 9 drying programs,,
No,480,880,0,480,sony red cyber-shot digital camera dscw150r,sony dscw150 red cyber-shot digital camera dscw150r 8.1 megapixels 2.7 ' lcd display 15 mb internal memory carl zeiss 5x optical zoom lens 16:9 high-resolution mode 9-point auto focus automatic macro shooting high sensitivity mode burst mode face detection intelligent scene recognition mode in-camera retouching super steadyshot optical image stabilization with anti-blur solution music slideshow hdtv compatibility beginner-friendly function guide red finish,,880,sony cyber-shot dsc-w150 digital camera black dscw150/b,8.1 megapixel 16:9 2x digital zoom 2.7 ' active matrix tft color lcd,129.99
No,720,800,0,720,lg 2.0 cu . ft. over-the-range black microwave oven lmvm2085bk,lg 2.0 cu . ft. over-the-range black microwave oven lmvm2085bk warming lamp glide & spin sliding tray with turntable sensor cook feature 300 cfm exhaust system horizontal keypad elegant hidden vent wideview window halogen cooktop lighting black finish,,800,lg 2.0 cu.ft . over the range microwave oven,,
No,614,636,0,614,panasonic dect 6.0 expandable digital cordless phone with all-digital answering system kxtg9341t,panasonic dect 6.0 expandable digital cordless phone with all-digital answering system kxtg9341t up to 6 multi-handset capability digital answering machine system ringer id call waiting caller id voicemail hold voice menu marker message mute clock alarm led lighting night mode call block speakerphone 11 days standby 5 hours talk time black metallic finish,,636,panasonic kx-tg9342t cordless phone,"1 x phone line ( s ) black , metallic",
No,770,624,0,770,garmin nuvi 205w gps navigation system 0100071840,"garmin nuvi 205w gps navigation system 0100071840 4.3 ' tft display contiguous u.s. , canada or regional sections of europe preloaded maps voice prompts 3d map option auto re-route choice of route setup fm traffic compatible msn direct for u.s. compatible touchscreen qwerty or abc keyboard sd card slot up to 4 hours of battery life anti-theft garmin lock grey finish",,624,garmin nvi 255w automobile navigator 010-00718-20,"garmin nuvi 255w 4.3 ' gps w / text to speech , where am i ?",204.99
No,298,453,0,298,lg pearl gray xl capacity electric dryer dle5955g,lg pearl gray xl capacity electric dryer dle5955g 7.3 cu . ft. capacity 9 drying programs 5 temperature levels precise temperature control with variable heat source flowsense duct clogging indicator upfront electronic control panel with dual led display and dial-a-cycle lodecibel quiet operation pearl gray finish,,453,lg 27 ' front-load electric dryer with 7.3 cu . ft. capacity,,
No,480,844,0,480,sony red cyber-shot digital camera dscw150r,sony dscw150 red cyber-shot digital camera dscw150r 8.1 megapixels 2.7 ' lcd display 15 mb internal memory carl zeiss 5x optical zoom lens 16:9 high-resolution mode 9-point auto focus automatic macro shooting high sensitivity mode burst mode face detection intelligent scene recognition mode in-camera retouching super steadyshot optical image stabilization with anti-blur solution music slideshow hdtv compatibility beginner-friendly function guide red finish,,844,sony cyber-shot dsc-w150 digital camera silver dscw150,8.1 megapixel 16:9 2x digital zoom 2.7 ' active matrix tft color lcd,129.99
No,941,1017,0,941,canon black eos 50d digital slr camera with 28-135mm lens 50d28135,canon black eos 50d digital slr camera with 28-135mm lens 50d28135 15.1 megapixel cmos sensor digic 4 image processor 3.0 ' clear view lcd 9 cross-type high-precision sensors enhanced live view eos integrated cleaning system creative auto hdmi output lens peripheral illumination correction black finish,,1017,"canon eos 50d 15 megapixel slr digital camera with live view & face detection , 3 ' lcd , 6.3 fps & digic 4 image processor body only 2807b006",,1127.95
No,482,793,0,482,sony silver cyber-shot digital camera dscw170,sony silver cyber-shot digital camera dscw170 10.1 megapixels 2.7 ' lcd display 15 mb internal memory carl zeiss 5x optical zoom lens bionz real imaging processor technology 16:9 high-resolution mode 9-point auto focus automatic macro shooting high sensitivity mode burst mode face detection intelligent scene recognition mode in-camera retouching super steadyshot optical image stabilization with anti-blur solution music slideshow hdtv compatibility beginner-friendly function guide silver finish,,793,sony cyber-shot dsc-w170 digital camera red dscw170r,10.1 megapixel 16:9 2x digital zoom 2.7 ' active matrix tft color lcd,169.0
No,764,637,0,764,panasonic black expandable digital cordless dect 6.0 phone system kxtg9348t,panasonic black expandable digital cordless dect 6.0 phone system kxtg9348t automatic clarity booster 5 hours talk time 11 days standby white backlit lcd 6-step speakerphone volume 1 drop & splash resistant phone 1.9 ghz frequency range night mode black finish,,637,panasonic kx-tg9341t cordless phone,"1 x phone line ( s ) black , metallic",
No,481,844,0,481,sony gold cyber-shot digital camera dscw150n,sony dscw150 gold cyber-shot digital camera dscw150n 8.1 megapixels 2.7 ' lcd display 15 mb internal memory carl zeiss 5x optical zoom lens 16:9 high-resolution mode 9-point auto focus automatic macro shooting high sensitivity mode burst mode face detection intelligent scene recognition mode in-camera retouching super steadyshot optical image stabilization with anti-blur solution music slideshow hdtv compatibility beginner-friendly function guide gold finish,,844,sony cyber-shot dsc-w150 digital camera silver dscw150,8.1 megapixel 16:9 2x digital zoom 2.7 ' active matrix tft color lcd,129.99
No,769,625,0,769,garmin nuvi 205 gps navigation system 0100071740,"garmin nuvi 205 gps navigation system 0100071740 3.5 ' antiglare display contiguous u.s. , canada or regional sections of europe preloaded maps voice prompts 3d map option auto re-route choice of route setup fm traffic compatible msn direct for u.s. compatible touchscreen microsd slot up to 4 hours of battery life anti-theft garmin lock grey finish",,625,garmin nvi 205w automobile navigator 010-00718-40,garmin nuvi 205w portable gps system w / preloaded maps,162.99
No,385,455,0,385,lg dlex7177rm cherry red xl capacity electric steamdryer dlex7177rd,lg dlex7177rm cherry red xl capacity electric steamdryer dlex7177rd 7.3 cu . ft. capacity intelligent electronic controls with dual led display and dial-a-cycle dual humidity sensors precise temperature control with a variable heater 4 way venting drum light cherry red finish,,455,the lg electric steamdryer,,
No,94,83,0,94,canon magenta photo ink cartridge magenta cli8pm,canon magenta photo ink cartridge cli8pm compatible with the pixma ip6600d printer,16.0,83,canon cli-8m ink cartridge 0622b002,magenta,10.35
No,711,787,0,711,lg 30 ' white freestanding gas range lrg30357wh,lg 30 ' white freestanding gas range lrg30357wh 5.0 cu . ft. capacity oven superboil burner 5 burner system smoothtouch controls warming drawer electronic ignition system one piece recessed cooktop self-cleaning oven white finish,,787,lg 5.0 cu.ft . freestanding gas range,,
No,385,456,0,385,lg dlex7177rm cherry red xl capacity electric steamdryer dlex7177rd,lg dlex7177rm cherry red xl capacity electric steamdryer dlex7177rd 7.3 cu . ft. capacity intelligent electronic controls with dual led display and dial-a-cycle dual humidity sensors precise temperature control with a variable heater 4 way venting drum light cherry red finish,,456,the lg electric steamdryer,,
No,734,775,0,734,lg 24 ' ldf6920st fully integrated built in stainless steel dishwasher ldf6920ss,lg 24 ' ldf6920st fully integrated built in stainless steel dishwasher ldf6920ss xl tall tub cleans up to 16 place settings at once adjustable upper rack lodecibel quiet operation senseclean wash system 5 wash cycles with 3 spray arms multi-level water direction slim direct drive motor fully integrated electronic control panel stainless steel finish,,775,lg ldf6920bb fully integrated dishwasher,,
No,711,788,0,711,lg 30 ' white freestanding gas range lrg30357wh,lg 30 ' white freestanding gas range lrg30357wh 5.0 cu . ft. capacity oven superboil burner 5 burner system smoothtouch controls warming drawer electronic ignition system one piece recessed cooktop self-cleaning oven white finish,,788,lg 5.0 cu.ft . freestanding gas range,,
No,387,456,0,387,lg dlex7177wm white xl capacity electric steamdryer dlex7177wh,lg dlex7177wm white xl capacity electric steamdryer dlex7177wh 7.3 cu . ft. capacity intelligent electronic controls with dual led display and dial-a-cycle dual humidity sensors precise temperature control with a variable heater 4 way venting drum light white finish,,456,the lg electric steamdryer,,
No,670,817,0,670,speck seethru clear hard shell case for macbook air mbaclrsee,speck seethru clear hard shell case for macbook air mbaclrsee thin and sleek protective case access to all ports 2-piece snap on clear finish,,817,speck products seethru case for apple 13 ' macbook mb13-clr-see-v2,plastic clear,
No,532,709,0,532,sony white 8 ' portable dvd player dvpfx820w,"sony dvp-fx820 white 8 ' portable dvd player dvpfx820w swivel & flip screen with dual sensor for remote control control buttons on screen bezel 12 bit video dac with 108 mhz processing removable , rechargeable battery & car adapter included white finish",,709,sony dvp-fx820 portable dvd player dvpfx820,"8 ' lcd dvd + rw , dvd-rw , dvd + r , dvd-r , cd-rw dvd video , cd-da , mp3 , jpeg playback 1 disc ( s ) black",158.72
No,1000,607,0,1000,panasonic blue 8.1 megapixel digital camera dmcfs3a,panasonic blue 8.1 megapixel digital camera dmcfs3a 8.1 megapixel 33mm lens 3x optical zoom intelligent auto mode 2.5 ' diagonal intelligent lcd mega optical image stabilization intelligent iso control face detection hi-speed burst mode blue finish,,607,panasonic lumix dmc-fs3 digital camera silver,"panasonic dmc-fs3s 8 megapixel compact digital camera with 33mm lens , 3x optical zoom , intelligent auto mode and 2.5 ' diagonal intelligent lcd silver",137.33
No,691,785,0,691,lg 5.6 cu . ft. white freestanding electric range lre30453wh,lg 5.6 cu . ft. white freestanding electric range lre30453wh intuitouch control system evenjet convection system 5.6 cubic capacity wideview oven window 5 radiant elements 25 heating settings white finish,,785,lg 5.6 cu.ft . freestanding electric range,,
No,644,639,0,644,panasonic dect 6.0 expandable digital cordless phone with all-digital answering system kxtg9343t,panasonic dect 6.0 expandable digital cordless phone with all-digital answering system kxtg9343t 3 handsets system up to 6 multi-handset capability digital answering machine system ringer id call waiting caller id voicemail hold voice menu marker message mute clock alarm led lighting night mode call block speakerphone 11 days standby 5 hours talk time black metallic finish,,639,panasonic kx-tg9333t cordless phone kx-tg9333t,panasonic dect 6.0 1.9 ghz expandable cordless phone with digital answering system,
No,596,606,0,596,panasonic black lumix wide angle lens digital camera dmctz5k,panasonic black lumix wide angle lens digital camera dmctz5k 9.1 megapixel leica 28mm wide-angle lens with 10x optical zoom 3.0 ' lcd display with intelligent lcd function burst mode scene mode auto angle detection 27mb built-in memory sd memory slot black finish,,606,panasonic lumix dmc-tz5 digital camera silver,"panasonic lumix dmc-tz5s 9 megapixel digital camera with 28mm wide-angle lens , 10x optical zoom , 3 ' lcd and hd output silver",
No,692,783,0,692,lg 5.6 cu . ft. black freestanding electric range lre30453bk,lg 5.6 cu . ft. black freestanding electric range lre30453bk intuitouch control system evenjet convection system 5.6 cubic capacity wideview oven window 5 radiant elements 25 heating settings black finish,,783,lg 5.6 cu.ft . freestanding electric range,,
No,722,799,0,722,lg 2.0 cu . ft. over-the-range stainless steel microwave oven lmvm2085ss,lg 2.0 cu . ft. over-the-range stainless steel microwave oven lmvm2085ss warming lamp glide & spin sliding tray with turntable sensor cook feature 300 cfm exhaust system horizontal keypad elegant hidden vent wideview window halogen cooktop lighting stainless steel finish,,799,lg 2.0 cu.ft . over the range microwave oven,,
No,192,451,0,192,nyko playstation 3 dual charger ac 743840830153,nyko playstation 3 dual charger ac 743840830153 charge 2 wireless ps3 controllers from a standard wall outlet collapsable prongs for easy storage charges other mini usb devices,24.99,451,playstation 3 charging dock for ps3 wireless controllers by nyko 83053,,21.05
No,360,246,0,360,nikon vr 55-200mm zoom-nikkor lens accessory 2166,nikon vr 55-200mm zoom-nikkor lens accessory 2166 3.6 x zoom 55 200mm vibration reduction silent wave motor for quiet autofocusing ed glass element,,246,nikon 55-200mm f/4 -5.6 g ed af-s dx telephoto zoom lens 55200mmlens,0.28 x 55mm to 200mm f/4 to 5.6,124.95
No,388,424,0,388,lg dlex8377wm white xl capacity electric steamdryer dlex8377wh,lg dlex8377wm white xl capacity electric steamdryer dlex8377wh 7.3 cu . ft. capacity intelligent electronic controls with dual led display and dial-a-cycle dual humidity sensors precise temperature control with a variable heater 4 way venting drum light white finish,,424,lg xl capacity electric dryer,,
No,742,772,0,742,lg lmx25981st 24.7 cu . ft. capacity stainless steel french door refrigerator lmx25981ss,"lg lmx25981st 24.7 cu . ft. capacity stainless steel french door refrigerator lmx25981ss double freezer drawers tall ice & water dispensing center sophisticated design , inside & out 4 compartment crisper system lodecibel quiet operation contour doors with hidden hinges premium led interior light stainless steel finish",,772,lg 24.7 cu . ft. stainless steel french door bottom mount refrigerator,,
No,691,783,0,691,lg 5.6 cu . ft. white freestanding electric range lre30453wh,lg 5.6 cu . ft. white freestanding electric range lre30453wh intuitouch control system evenjet convection system 5.6 cubic capacity wideview oven window 5 radiant elements 25 heating settings white finish,,783,lg 5.6 cu.ft . freestanding electric range,,
No,615,637,0,615,panasonic dect 6.0 expandable digital cordless phone with all-digital answering system kxtg9342t,panasonic dect 6.0 expandable digital cordless phone with all-digital answering system kxtg9342t 2 handsets system up to 6 multi-handset capability digital answering machine system ringer id call waiting caller id voicemail hold voice menu marker message mute clock alarm led lighting night mode call block speakerphone 11 days standby 5 hours talk time black metallic finish,,637,panasonic kx-tg9341t cordless phone,"1 x phone line ( s ) black , metallic",
No,719,799,0,719,lg 2.0 cu . ft. over-the-range white microwave oven lmvm2085wh,lg 2.0 cu . ft. over-the-range white microwave oven lmvm2085wh warming lamp glide & spin sliding tray with turntable sensor cook feature 300 cfm exhaust system horizontal keypad elegant hidden vent wideview window halogen cooktop lighting white finish,,799,lg 2.0 cu.ft . over the range microwave oven,,
No,540,923,0,540,toshiba 22 ' lcd hdtv with built in dvd player in black 22lv505,toshiba 22 ' lcd hdtv with built in dvd player in black 22lv505 built-in slot loading dvd player built-in atsc/ntsc/qam digital tuning official divx Â® certified pc input space saving design bottom mount stereo speakers black finish,,923,toshiba 22lv506 22 ' tv/dvd combo,"21.9 ' lcd active matrix atsc , ntsc 16:9 1680 x 1050 - hdtv dvd-r , dvd-rw , cd-r , cd-rw 720p",
No,387,453,0,387,lg dlex7177wm white xl capacity electric steamdryer dlex7177wh,lg dlex7177wm white xl capacity electric steamdryer dlex7177wh 7.3 cu . ft. capacity intelligent electronic controls with dual led display and dial-a-cycle dual humidity sensors precise temperature control with a variable heater 4 way venting drum light white finish,,453,lg 27 ' front-load electric dryer with 7.3 cu . ft. capacity,,
No,535,636,0,535,panasonic black dect 6.0 cordless telephone kxtg9333t,panasonic black dect 6.0 cordless telephone kxtg9333t 1 base and 2 handsets extended talk time reduced interference all-digital answering system up to 17 hours of talk time expandable up to 6 handsets up to 3-way conference capability built-in clock with alarm digital speakerphone on handset black finish,,636,panasonic kx-tg9342t cordless phone,"1 x phone line ( s ) black , metallic",
No,535,634,0,535,panasonic black dect 6.0 cordless telephone kxtg9333t,panasonic black dect 6.0 cordless telephone kxtg9333t 1 base and 2 handsets extended talk time reduced interference all-digital answering system up to 17 hours of talk time expandable up to 6 handsets up to 3-way conference capability built-in clock with alarm digital speakerphone on handset black finish,,634,panasonic kx-tg9344t expandable digital cordless phone,1 x phone line ( s ),116.21
No,367,467,0,367,sirius stiletto 2 portable satellite radio sl2pk1,sirius stiletto 2 portable satellite radio sl2pk1 sirius replay controls record up to 100 hours stores up to 10 hours of individual songs 2gb internal memory personalized sports ticker srs trubass and 3d focus technologies wifi black finish,,467,sirius slh2 sirius ? stiletto 2 portable radio home kit,,
No,722,800,0,722,lg 2.0 cu . ft. over-the-range stainless steel microwave oven lmvm2085ss,lg 2.0 cu . ft. over-the-range stainless steel microwave oven lmvm2085ss warming lamp glide & spin sliding tray with turntable sensor cook feature 300 cfm exhaust system horizontal keypad elegant hidden vent wideview window halogen cooktop lighting stainless steel finish,,800,lg 2.0 cu.ft . over the range microwave oven,,
No,690,784,0,690,lg stainless steel freestanding electric range lre30757ss,lg stainless steel freestanding electric range lre30757ss 5.6 cu . ft. capacity dual convection self-cleaning touch controls ceramic cooktop wideview window warming drawer interior oven light stainless steel finish,,784,lg 5.6 cu.ft . freestanding electric range,,
No,1011,300,0,1011,panasonic dect 6.0 pearl silver expandable digital cordless phone system kxtg6313s,panasonic dect 6.0 pearl silver expandable digital cordless phone system kxtg6313s 3 handsets up to 6 multi-handset capability dect 6.0 technology ringer id call waiting caller id voicemail hold mute clock alarm led lighting night mode speakerphone 11 days standby 5 hours talk time pearl silver finish,69.0,300,panasonic kx-tg1033s digital cordless phone with three handsets,1 x phone line ( s ) headset jack silver,
No,529,709,0,529,sony dvp-fx820 blue 8 ' portable dvd player dvpfx820li,"sony dvp-fx820 blue 8 ' portable dvd player dvpfx820li swivel & flip screen with dual sensor for remote control control buttons on screen bezel 12 bit video dac with 108 mhz processing removable , rechargeable battery & car adapter included blue finish",,709,sony dvp-fx820 portable dvd player dvpfx820,"8 ' lcd dvd + rw , dvd-rw , dvd + r , dvd-r , cd-rw dvd video , cd-da , mp3 , jpeg playback 1 disc ( s ) black",158.72
No,55,102,0,55,delonghi twenty four seven coffee maker dc50w,"delonghi twenty four seven coffee maker dc50w 4-cup capacity easy-access , washable filter basket white finish",22.0,102,"delonghi dc50b twenty four seven drip coffee maker , black",,22.95
No,72,77,0,72,weber performer 22-1/2 ' charcoal grill 848001,weber performer 22-1/2 ' charcoal grill 848001 push-button igniter porcelain-enameled bowl and lid dual-purpose themometer crackproof all-weather wheels blue lid finish assembly required,329.0,77,weber 841001 performer 22.5 ' charcoal grill in black,,
No,611,686,0,611,samsung 22 ' black flat panel lcd hdtv ln22a450,samsung 22 ' black flat panel series 4 lcd hdtv ln22a450 1680 x 1050 resolution 3000:1 contrast ratio srs trusurround xt cold cathode fluorescent lamp ( ccfl ) 8ms response time hidden bottom speakers pc compatible black finish,,686,samsung 4 series ln22a451 22 ' lcd tv,"samsung ln22a451 22 ' widescreen lcd hdtv 3,000:1 dynamic contrast ratio 8ms response time white",399.0
No,535,637,0,535,panasonic black dect 6.0 cordless telephone kxtg9333t,panasonic black dect 6.0 cordless telephone kxtg9333t 1 base and 2 handsets extended talk time reduced interference all-digital answering system up to 17 hours of talk time expandable up to 6 handsets up to 3-way conference capability built-in clock with alarm digital speakerphone on handset black finish,,637,panasonic kx-tg9341t cordless phone,"1 x phone line ( s ) black , metallic",
No,477,880,0,477,sony silver cyber-shot digital camera dscw150,sony silver cyber-shot digital camera dscw150 8.1 megapixels 2.7 ' lcd display 15 mb internal memory carl zeiss 5x optical zoom lens 16:9 high-resolution mode 9-point auto focus automatic macro shooting high sensitivity mode burst mode face detection intelligent scene recognition mode in-camera retouching super steadyshot optical image stabilization with anti-blur solution music slideshow hdtv compatibility beginner-friendly function guide silver finish,,880,sony cyber-shot dsc-w150 digital camera black dscw150/b,8.1 megapixel 16:9 2x digital zoom 2.7 ' active matrix tft color lcd,129.99
No,531,709,0,531,sony dvp-fx820 red 8 ' portable dvd player dvpfx820r,"sony dvp-fx820 red 8 ' portable dvd player dvpfx820r swivel & flip screen with dual sensor for remote control control buttons on screen bezel 12 bit video dac with 108 mhz processing removable , rechargeable battery & car adapter included red finish",,709,sony dvp-fx820 portable dvd player dvpfx820,"8 ' lcd dvd + rw , dvd-rw , dvd + r , dvd-r , cd-rw dvd video , cd-da , mp3 , jpeg playback 1 disc ( s ) black",158.72
No,885,588,0,885,sony alpha digital slr black camera body dslra350,sony alpha digital slr black camera body dslra350 14.2 megapixels tiltable 2.7 ' clear photo lcd plus screen continuous shooting while viewing smart teleconverter 2x zoom expanded iso sensitivity super steadyshot in-camera image stabilization bionz image processor dynamic range optimizer anti-dust technology auto pop-up flash eye-start autofocus system 9-point center cross af sensor black finish,,588,sony alpha dslr-a350k digital slr camera with 18-70mm zoom lens black dslra350k,14.2 megapixel 3.9 x optical zoom 2.7 ' active matrix tft color lcd,686.24
No,691,782,0,691,lg 5.6 cu . ft. white freestanding electric range lre30453wh,lg 5.6 cu . ft. white freestanding electric range lre30453wh intuitouch control system evenjet convection system 5.6 cubic capacity wideview oven window 5 radiant elements 25 heating settings white finish,,782,lg 5.6 cu.ft . freestanding electric range,,
No,532,762,0,532,sony white 8 ' portable dvd player dvpfx820w,"sony dvp-fx820 white 8 ' portable dvd player dvpfx820w swivel & flip screen with dual sensor for remote control control buttons on screen bezel 12 bit video dac with 108 mhz processing removable , rechargeable battery & car adapter included white finish",,762,sony dvp-fx820 / l portable dvd player dvpfx820/l,"8 ' lcd dvd + r , dvd + rw , dvd-rw , dvd-r , cd-rw jpeg , mp3 , dvd video playback 1 disc ( s ) blue",131.54
No,689,783,0,689,lg black freestanding electric range lre30757bk,lg black freestanding electric range lre30757bk 5.6 cu . ft. capacity dual convection self-cleaning touch controls ceramic cooktop wideview window warming drawer interior oven light black finish,,783,lg 5.6 cu.ft . freestanding electric range,,
No,949,993,0,949,canon powershot silver 14.7 megapixel digital camera sd990is,canon powershot silver 14.7 megapixel digital camera sd990is 14.7 megapixel 3.7 x optical zoom optical image stabilizer optical viewfinder large high-quality 2.5 ' purecolor lcd digic 4 image processor face detection self-timer intelligent contrast correction quick mode print/share button silver finish,,993,"canon powershot sd990 is 14 megapixel digital camera w / 3.7 x optical zoom , ua len , face detection , 2.5 lcd , & iso 1600 black 2669b001",,299.88
No,211,321,0,211,weber stainless steel genesis s-310 liquid propane grill 3770001,"weber stainless steel genesis s-310 liquid propane grill 3770001 3 stainless steel burners 42,000 btu-per-hour input electronic crossover ignition system 7mm diameter stainless steel rod cooking grates stainless steel flavorizer bars stainless steel finish liquid propane model ( lp tank not included ) assembly required",899.0,321,weber genesis series s-310 60 ' freestanding gas grill,,
No,528,763,0,528,sony dvp-fx820 black 8 ' portable dvd player dvpfx820,"sony dvp-fx820 black 8 ' portable dvd player dvpfx820 swivel & flip screen with dual sensor for remote control control buttons on screen bezel 12 bit video dac with 108 mhz processing removable , rechargeable battery & car adapter included black finish",,763,sony dvp-fx820 / r portable dvd player dvpfx820/r,"8 ' lcd dvd + rw , dvd-rw , dvd + r , dvd-r , cd-rw dvd video , cd-da , mp3 , jpeg playback 1 disc ( s ) red",159.94
No,483,926,0,483,sony red cyber-shot digital camera dscw170r,sony dscw170 red cyber-shot digital camera dscw170r 10.1 megapixels 2.7 ' lcd display 15 mb internal memory carl zeiss 5x optical zoom lens bionz real imaging processor technology 16:9 high-resolution mode 9-point auto focus automatic macro shooting high sensitivity mode burst mode face detection intelligent scene recognition mode in-camera retouching super steadyshot optical image stabilization with anti-blur solution music slideshow hdtv compatibility beginner-friendly function guide red finish,,926,sony cyber-shot dsc-w170 digital camera silver dscw170,10.1 megapixel 16:9 2x digital zoom 2.7 ' active matrix tft color lcd,
No,534,626,0,534,panasonic 5.8 ghz black expandable digital cordless phone system kxtg4323b,panasonic 5.8 ghz black expandable digital cordless phone system kxtg4323b include 3 handsets expandable up to 4 handsets digital answering machine system ringer id call waiting caller id voicemail hold mute clock alarm led lighting speakerphone intercom 11 days standby 5 hours talk time black finish,79.0,626,panasonic kx-tg4321b 5.8 ghz expandable digital cordless phone,1 x phone line ( s ) black,
No,644,637,0,644,panasonic dect 6.0 expandable digital cordless phone with all-digital answering system kxtg9343t,panasonic dect 6.0 expandable digital cordless phone with all-digital answering system kxtg9343t 3 handsets system up to 6 multi-handset capability digital answering machine system ringer id call waiting caller id voicemail hold voice menu marker message mute clock alarm led lighting night mode call block speakerphone 11 days standby 5 hours talk time black metallic finish,,637,panasonic kx-tg9341t cordless phone,"1 x phone line ( s ) black , metallic",
No,644,641,0,644,panasonic dect 6.0 expandable digital cordless phone with all-digital answering system kxtg9343t,panasonic dect 6.0 expandable digital cordless phone with all-digital answering system kxtg9343t 3 handsets system up to 6 multi-handset capability digital answering machine system ringer id call waiting caller id voicemail hold voice menu marker message mute clock alarm led lighting night mode call block speakerphone 11 days standby 5 hours talk time black metallic finish,,641,panasonic kx-tg9348t expandable digital cordless phone,1 x phone line ( s ) metallic black,
No,533,515,0,533,panasonic 5.8 ghz black expandable digital cordless phone kxtg4321b,panasonic 5.8 ghz black expandable digital cordless phone kxtg4321b multi-handset capability digital answering machine system ringer id call waiting caller id voicemail hold mute clock alarm led lighting speakerphone intercom 11 days standby 5 hours talk time black finish,,515,panasonic kx-tg4323b 5.8 ghz expandable digital cordless phone,1 x phone line ( s ) black,
No,932,1029,0,932,sony vaio cs series black notebook computer vgncs180jq,sony vaio cs series black notebook computer vgncs180jq 2.26 ghz intel core 2 duo processor p8400 14.1 ' ( 1280 x 800 ) xbrite-eco widescreen display 320gb serial ata 5400rpm hard drive built-in 1.3 megapixel motion eye camera and microphone 4gb pc2-6400 ( 2gbx2 ) installed memory integrated stereo a2dp bluetooth 1066mhz front side bus speed 3mb l2 cache blu-ray drive ( read only ) genuine microsoft windows vista home premium 64-bit black finish,,1029,"sony vaio cs series vgn-cs180j / w 14.1-inch notebook 2.26 ghz intel core 2 duo p8400 processor , 4 gb ram , 320 gb hard drive , blu-ray drive , vista home premium - white vgncs180j/w",,1219.0
No,899,947,0,899,garmin nuvi 755t gps navigation system 0100071530,garmin nuvi 755t gps navigation system 0100071530 4.3 ' widescreen display up to 5 hours sleek & slim design lane assist 3-d building view preloaded street maps for north america photo navigation speaks street names fm transmitter mp3 player route planning where am i ? emergency locator garmin locate garmin lock grey finish,,947,garmin auto nav 010-00715-20,,410.95
No,665,636,0,665,panasonic dect 6.0 black metallic expandable digital cordless phone system kxtg9332t,panasonic dect 6.0 black metallic expandable digital cordless phone system kxtg9332t 2 handsets up to 6 multi-handset capability digital answering machine system ringer id call waiting caller id voicemail hold mute clock alarm led lighting night mode call block speakerphone 11 days standby 5 hours talk time black metallic finish,,636,panasonic kx-tg9342t cordless phone,"1 x phone line ( s ) black , metallic",
No,766,275,0,766,garmin vehicle adjustable suction cup mount 0101082303,garmin vehicle adjustable suction cup mount 0101082303 no installation required securely mounts your gps to dash black finish,,275,garmin suction cup mount 010-10823-00,,24.84
No,690,782,0,690,lg stainless steel freestanding electric range lre30757ss,lg stainless steel freestanding electric range lre30757ss 5.6 cu . ft. capacity dual convection self-cleaning touch controls ceramic cooktop wideview window warming drawer interior oven light stainless steel finish,,782,lg 5.6 cu.ft . freestanding electric range,,
No,755,559,0,755,panasonic viera 46 ' black plasma flat panel 1080p hdtv th46pz850u,"panasonic viera 46 ' black plasma flat panel 1080p hdtv th46pz850u 1,920 x 1,080 resolution 1,000,000:1 dynamic contrast ratio 5,120 equivalent shades of gradation 24p cinematic playback x.v.color motion adaptive 3d y/c digital comb filter motion pattern noise reduction black finish",,559,panasonic viera th-46pz85u 46 ' plasma tv,"46 ' atsc , ntsc 16:9 1920 x 1080 surround hdtv",1149.99
No,643,641,0,643,panasonic dect 6.0 expandable digital cordless phone with all-digital answering system kxtg9344t,panasonic dect 6.0 expandable digital cordless phone with all-digital answering system kxtg9344t 4 handsets system up to 6 multi-handset capability digital answering machine system ringer id call waiting caller id voicemail hold voice menu marker message mute clock alarm led lighting night mode call block speakerphone 11 days standby 5 hours talk time black metallic finish,139.0,641,panasonic kx-tg9348t expandable digital cordless phone,1 x phone line ( s ) metallic black,
No,595,584,0,595,panasonic silver lumix wide angle lens digital camera dmctz5s,panasonic silver lumix wide angle lens digital camera dmctz5s 9.1 megapixel leica 28mm wide-angle lens with 10x optical zoom 3.0 ' lcd display with intelligent lcd function burst mode scene mode auto angle detection 27mb built-in memory sd memory slot silver finish,,584,panasonic lumix dmc-tz5 digital camera black,"panasonic lumix dmc-tz5k 9 megapixel digital camera with 28mm wide-angle lens , 10x optical zoom , 3 ' lcd and hd output black",
No,712,789,0,712,lg 30 ' black freestanding gas range lrg30357bk,lg 30 ' black freestanding gas range lrg30357bk 5.0 cu . ft. capacity oven superboil burner 5 burner system smoothtouch controls warming drawer electronic ignition system one piece recessed cooktop self-cleaning oven white finish,,789,lg 5.0 cu.ft . freestanding gas range,,
No,673,784,0,673,lg stainless steel freestanding electric range lre30453ss,lg stainless steel freestanding electric range lre30453ss 5.6 cu . ft. capacity touch controls evenjet convection system wideview window 5 cooktop elements with warming zone auto recipe conversion self-cleaning gocook smart oven light storage drawer stainless steel finish,,784,lg 5.6 cu.ft . freestanding electric range,,
No,479,844,0,479,sony black cyber-shot digital camera dscw150b,sony dscw150 black cyber-shot digital camera dscw150b 8.1 megapixels 2.7 ' lcd display 15 mb internal memory carl zeiss 5x optical zoom lens 16:9 high-resolution mode 9-point auto focus automatic macro shooting high sensitivity mode burst mode face detection intelligent scene recognition mode in-camera retouching super steadyshot optical image stabilization with anti-blur solution music slideshow hdtv compatibility beginner-friendly function guide black finish,,844,sony cyber-shot dsc-w150 digital camera silver dscw150,8.1 megapixel 16:9 2x digital zoom 2.7 ' active matrix tft color lcd,129.99
No,689,784,0,689,lg black freestanding electric range lre30757bk,lg black freestanding electric range lre30757bk 5.6 cu . ft. capacity dual convection self-cleaning touch controls ceramic cooktop wideview window warming drawer interior oven light black finish,,784,lg 5.6 cu.ft . freestanding electric range,,
No,479,791,0,479,sony black cyber-shot digital camera dscw150b,sony dscw150 black cyber-shot digital camera dscw150b 8.1 megapixels 2.7 ' lcd display 15 mb internal memory carl zeiss 5x optical zoom lens 16:9 high-resolution mode 9-point auto focus automatic macro shooting high sensitivity mode burst mode face detection intelligent scene recognition mode in-camera retouching super steadyshot optical image stabilization with anti-blur solution music slideshow hdtv compatibility beginner-friendly function guide black finish,,791,sony cyber-shot dsc-w150 digital camera gold dscw150n,8.1 megapixel 16:9 2x digital zoom 2.7 ' active matrix tft color lcd,129.99
No,588,229,0,588,belkin cush top for computer laptop f8n044slv,"belkin cush top for computer laptop f8n044slv uniquely designed soft material for comfortable laptop use on the couch , bed , or floor convenient storage pocket center multi-sides accommodate any side laptop 6 colors to choose from silver finish",,229,belkin cushtop f8n044-org,- orange,
No,198,88,0,198,canon pgi-5bk black ink tank cartridge pgi5bk,canon pgi-5bk black ink tank cartridge pgi5bk smudge resistant resists smearing caused by highlighters smudge resistant pigment ink formulation for long lasting prints,16.0,88,canon black ink cartridge 0615b002,black,
No,386,456,0,386,lg dlex8377nm navy blue xl capacity electric steamdryer dlex8377blue,lg dlex8377nm navy blue xl capacity electric steamdryer dlex8377blue 7.3 cu . ft. capacity intelligent electronic controls with dual led display and dial-a-cycle dual humidity sensors precise temperature control with a variable heater 4 way venting drum light navy blue finish,,456,the lg electric steamdryer,,
No,128,27,0,128,sony playstation 2 8mb memory card ( 2 pack ) red/blue finish 711719706700,"sony playstation 2 8mb memory card ( 2 pack ) 711719706700 save and load high scores , positions and replays magicgate encryption red/blue finish",34.99,27,playstation 2 memory card 8mb,,
No,766,167,0,766,garmin vehicle adjustable suction cup mount 0101082303,garmin vehicle adjustable suction cup mount 0101082303 no installation required securely mounts your gps to dash black finish,,167,garmin vehicle suction cup mount,garmin 010-10723-03 vehicle suction cup mount,
No,606,523,0,606,weber cast iron griddle 7542,weber cast iron griddle 7542 heavy-duty cast iron griddle two-sided for cooking a variety of foods fits several weber grills,44.99,523,weber cast iron griddle for genesis silver as and spirit 500s & spirit 200 series,,
No,644,634,0,644,panasonic dect 6.0 expandable digital cordless phone with all-digital answering system kxtg9343t,panasonic dect 6.0 expandable digital cordless phone with all-digital answering system kxtg9343t 3 handsets system up to 6 multi-handset capability digital answering machine system ringer id call waiting caller id voicemail hold voice menu marker message mute clock alarm led lighting night mode call block speakerphone 11 days standby 5 hours talk time black metallic finish,,634,panasonic kx-tg9344t expandable digital cordless phone,1 x phone line ( s ),116.21
No,61,76,0,61,weber performer 22-1/2 ' charcoal grill 841001,weber performer 22-1/2 ' charcoal grill 841001 push-button igniter porcelain-enameled bowl and lid dual-purpose themometer crackproof all-weather wheels black lid finish assembly required,329.0,76,weber 848001 performer 22.5 ' charcoal grill in dark blue,,
No,299,453,0,299,lg dle5955w white xl capacity electric dryer dle5955wh,lg dle5955w white xl capacity electric dryer dle5955wh 7.3 cu . ft. capacity 9 drying programs 5 temperature levels precise temperature control with variable heat source flowsense duct clogging indicator upfront electronic control panel with dual led display and dial-a-cycle lodecibel quiet operation white finish,,453,lg 27 ' front-load electric dryer with 7.3 cu . ft. capacity,,
No,647,1033,0,647,sony white speaker dock and clock radio for ipod and iphone icfc1ipmk2wht,sony icfc1ipmk2 white speaker dock and clock radio for ipod and iphone icfc1ipmk2wht unique adjustable backstop for ipods 3 wake-sleep sound alert options digital am-fm tuner alarm clock automatic time set automatic daylight savings time battery charger audio input white finish,,1033,sony ipod/phone dock clock radio black nic icfc1ipmk2blk,,80.25
No,615,641,0,615,panasonic dect 6.0 expandable digital cordless phone with all-digital answering system kxtg9342t,panasonic dect 6.0 expandable digital cordless phone with all-digital answering system kxtg9342t 2 handsets system up to 6 multi-handset capability digital answering machine system ringer id call waiting caller id voicemail hold voice menu marker message mute clock alarm led lighting night mode call block speakerphone 11 days standby 5 hours talk time black metallic finish,,641,panasonic kx-tg9348t expandable digital cordless phone,1 x phone line ( s ) metallic black,
No,1060,736,0,1060,canon eos rebel xsi silver digital slr camera xsireb1855s,canon eos rebel xsi silver digital slr camera xsireb1855s 12.2 megapixel digic iii image processor extensive noise reduction technology auto optimization 3.0 ' lcd monitor compatible with compact sd and sdhc memory cards eos integrated cleaning system 18-55mm lens included 2756b003 silver finish,799.0,736,canon eos rebel xsi digital slr camera silver 2757b001,12.2 megapixel 3 ' active matrix tft color lcd,
No,402,682,0,402,logitech blue v470 cordless laser mouse for notebooks 910000298,logitech blue v470 cordless laser mouse for notebooks 910000298 laser precision side-to-side scrolling plus zoom bluetooth wireless technology protective pouch battery life indicator blue finish,,682,logitech v470 cordless laser mouse for notebooks 910-000692,laser,
No,516,592,0,516,toshiba white 19 ' lcd hdtv dvd combo 19lv506,toshiba white 19 ' lcd hdtv dvd combination 19lv506 19 ' diagonal widescreen tft lcd display built-in slot loading dvd player built-in atsc/ntsc/qam digital tuner official divx certified pc input jpeg viewer white finish,,592,toshiba 19lv505 19 ' widescreen lcd hdtv w / built-in dvd player 800:1 contrast ratio 5ms response time,,
No,41,812,0,41,maytag bisque over-the-range microwave oven mmv4205bt,"maytag bisque over-the-range microwave oven mmv4205bt 2.0 cu . ft. capacity 1,150 watts ten power levels 220 cfm airflow with two adjustable fan speeds scrolling vfd display twelve instant touch pads precision touch electronic controls digital display with clock and kitchen timer bisque finish",,812,maytag 2.0 cu . ft. over-the-range microwave oven,,
No,1007,453,0,1007,lg white xl load capacity electric dryer dle0442wh,lg white xl load capacity electric dryer dle0442wh 7.3 cu . ft. capacity sensor dry system 9 drying programs 5 temperature levels precise temperature control with a variable heat source drying rack upfront electronic control with dial-a-cycle porcelain top lodecibel quiet operation white finish,,453,lg 27 ' front-load electric dryer with 7.3 cu . ft. capacity,,
No,148,358,0,148,nikon 55-200mm zoom-nikkor lens accessory 2156,nikon 55-200mm zoom-nikkor lens accessory 2156 3.6 x zoom 55 200mm silent wave motor two ed glass elements focus mode switch,199.0,358,nikon 55-200mm f/4 -5.6 g ed if af-s dx vr zoom telephoto nikkor lens niko_216687518,,189.95
No,477,792,0,477,sony silver cyber-shot digital camera dscw150,sony silver cyber-shot digital camera dscw150 8.1 megapixels 2.7 ' lcd display 15 mb internal memory carl zeiss 5x optical zoom lens 16:9 high-resolution mode 9-point auto focus automatic macro shooting high sensitivity mode burst mode face detection intelligent scene recognition mode in-camera retouching super steadyshot optical image stabilization with anti-blur solution music slideshow hdtv compatibility beginner-friendly function guide silver finish,,792,sony cyber-shot dsc-w150 digital camera red dscw150r,8.1 megapixel 16:9 2x digital zoom 2.7 ' active matrix tft color lcd,139.94
No,387,424,0,387,lg dlex7177wm white xl capacity electric steamdryer dlex7177wh,lg dlex7177wm white xl capacity electric steamdryer dlex7177wh 7.3 cu . ft. capacity intelligent electronic controls with dual led display and dial-a-cycle dual humidity sensors precise temperature control with a variable heater 4 way venting drum light white finish,,424,lg xl capacity electric dryer,,
