label_str,ltable_id,rtable_id,label,id_x,title_x,category_x,brand_x,modelno_x,price_x,id_y,title_y,category_y,brand_y,modelno_y,price_y
No,1573,13416,0,1573,startech 3 slim 3.5 mm right angle stereo audio cable m m startech mu3mms2ra 7.88,electronics - general,,,,13416,startech.com mu3mmsra slim 3.5 mm to right angle stereo audio cable - m m 3 feet mu3mmsra,connectors adapters,startech,,3.48
No,1426,14635,0,1426,elite screens maxwhite vmax2 plus2 series 82 overall height ezelectric motorized screen - 92 diagonal electronics - general vmax92xwv2,,elite screens,,379.0,14635,maxwhite vmax2 plus2 series ezelectric motorized screen - 92 diagonal in white case projection screens elite 399.0,,,,
No,737,4752,0,737,lexmark t650a11a black toner print cartridge lexmark t650a11a,printers,,,202.87,4752,lexmark t650 series print cartridge 7000 yield - genuine oem toner lexmark 231.99,laser printer toner,,,
No,421,17330,0,421,pendaflex 2 reinforced hanging file folder standard green 25 box stationery & office machinery 4152x2,,,,24.94,17330,new-pendaflex 415213 - reinforced hanging file folders 1 3 tab kraft letter standard green 25 box - ess415213 pendaflex,laminating supplies,,,
No,626,6750,0,626,da-lite holoscreen rear projection screen - 22 x 33 3 4 video format da-lite 20030 1600.0,electronics - general,,,,6750,da-lite holo screen - projection screen rear video projectors da-lite,,,,
No,2224,6745,0,2224,da-lite video spectra 1.5 deluxe model b manual screen - 50 x 67 video format 73639 181.99,electronics - general,da-lite,,,6745,da-lite deluxe model b video spectra 1.5 - projection screen model b video spectra 1.5 125.95,projection screens,da-lite,,
No,2082,10869,0,2082,da-lite cherry veneer model b manual screen with matte white fabric - 60 x 60 diagonal video format da-lite 73179 167.99,electronics - general,,,,10869,medium oak veneer model b manual screen with matte white fabric - diagonal video format size 60 x 60 diagonal da-lite,projection screens,,,
No,421,16820,0,421,pendaflex 2 reinforced hanging file folder standard green 25 box stationery & office machinery 4152x2,,,,24.94,16820,new-pendaflex rcy415215sgr - reinforced hanging file folders kraft letter standard green 25 box - essrcy415215sgr laminating supplies 38.0,,pendaflex,,
No,1511,21680,0,1511,canon powershot elph 100 hs blue 12.1 mp digital camera with 4x optical zoom 3.0 lcd 1080p hd video w 50 bonus prints digital cameras,,canon,4925b001aa,178.54,21680,canon powershot elph 100 hs 12 mp cmos digital camera with 4x optical zoom grey 179.0,point shoot digital cameras,canon,elph 100 hs - gy,
No,2432,6753,0,2432,da-lite matte white advantage manual with csr - hdtv format 159 diagonal 1080.63,electronics - general,da-lite,85743,,6753,da-lite advantage manual with csr - projection screen - 1 1 - high power projection screens da-lite,,,,
No,398,17563,0,398,pendaflex two-ply dark kraft file folders top tab brown 100 box rk15313 51.79,stationery & office machinery,,,,17563,pendaflex rk152 - two-ply dark kraft file folders straight cut top tab letter brown 100 box pendaflex,printers,,,
No,585,13589,0,585,iluv ipod nano 6g clear glare-free screen film mp3 accessories iluv,,,icc1113clr,11.88,13589,iluv icc1112clr ipod nano 6g clear type protective film apple,printers,,,
No,1534,5038,0,1534,griffin ipod touch 4g formfit case pink clear arkon,mp3 accessories,,gb01959,17.13,5038,griffin technology formfit for ipod touch 4g black clear cases griffin technology gb01957 7.4,,,,
No,787,14949,0,787,da-lite light oak veneer model b manual screen with high power fabric - 60 x 60 av format electronics - general da-lite,,,99731,310.99,14949,honey maple veneer model b manual screen with high power fabric - av format size 60 x 60 projection screens,,da-lite,,
No,2082,2689,0,2082,da-lite cherry veneer model b manual screen with matte white fabric - 60 x 60 diagonal video format da-lite 73179 167.99,electronics - general,,,,2689,natural walnut veneer model b manual screen with matte white fabric - diagonal video format size 60 x 60 diagonal da-lite,projection screens,,,
No,2236,11637,0,2236,roocase executive portfolio leather case w 2 screen protector for blackberry playbook electronics - general,,roocase,220761,35.99,11637,roocase executive portfolio red leather case cover with landscape portrait view for blackberry playbook tablet wi-fi 4g roocase 20.0,cases sleeves,,,
No,978,2340,0,978,sharpie permanent markers fine point - black - 12 count,stationery & office machinery,sharpie,30001wm,8.24,2340,new-sharpie 1738519 - grip permanent marker fine point black dozen - san1738519 shredders sharpie 33.09,,,,
No,1513,5543,0,1513,snapshield p2 polycarbonate case ipad 2 smoke mp3 accessories scosche ipd2pcbk,,,,20.88,5543,scosche snapshield p2 polycarbonate case ipad 2 - purple ipd2pcpu ipd2pcpu 14.09,laptop netbook computer accessories,scosche,,
No,1608,11490,0,1608,western digital wd scorpio blue 320gb 5400rpm 2.5 sata hard drive wdbabc3200anc hard drives western digital wdbabc3200anc,,,,51.12,11490,western digital 320gb scorpio blue sataii 5400rpm 2.5 in 8mb bulk oem hard drive wd3200bevt internal hard drives 47.87,,western digital,wd3200bevt,
No,625,20429,0,625,da-lite da-glas standard rear projection screen 72 x 96 video format 27639 4448.99,electronics - general,da-lite,,,20429,da-lite 27660 da-glas deluxe rear projection screen - 72 x 96 video format projection screens da-lite,,,,
No,1924,19550,0,1924,accell premium series 10 usb 3.0 a b cable accell 13.88,electronics - general,,a111b-010b,,19550,new-3 premium series usb 3.0 a b cable - cl4640 accell,cables interconnects,,,10.49
No,742,14668,0,742,logitech m305 wireless mouse black,mice,logitech,910-001752,29.73,14668,logitech wireless mouse m305 vivid violet 910-002469 logitech 910-002469,mice,,,19.99
No,2349,12225,0,2349,brother tn110bk black toner cartridge printers,,brother,tn110bk,49.88,12225,brother tn-620 toner cartridge laser printer toner brother tn620 47.99,,,,
No,2371,1004,0,2371,ifrogz summit case for ipad 2 black mp3 accessories ifrogz ipad2sumblk,,,,59.99,1004,ifrogz summit case for ipad 2 - black with green snap-on shell ipad2-sum-grn cases sleeves,,ifrogz,ipad2-sum-grn,54.54
No,1571,10869,0,1571,da-lite honey maple veneer model b manual screen with matte white fabric - 60 x 60 diagonal video format da-lite 87184,electronics - general,,,167.99,10869,medium oak veneer model b manual screen with matte white fabric - diagonal video format size 60 x 60 diagonal da-lite,projection screens,,,
No,2082,4739,0,2082,da-lite cherry veneer model b manual screen with matte white fabric - 60 x 60 diagonal video format da-lite 73179 167.99,electronics - general,,,,4739,light oak veneer model b manual screen with matte white fabric - diagonal video format size 60 x 60 diagonal projection screens da-lite,,,,
No,1459,20526,0,1459,sentry headart extreme folding headphones black mp3 accessories sentry sentry dj style bk,,,,12.98,20526,sentry headart extreme folding headphones silver headphones 15.99,,sentry,,
No,219,729,0,219,microsoft wireless mobile mouse 4000 sgkomen pink microsoft,mice,,d5d-00052,20.0,729,microsoft wireless mobile mouse 4000 - berry pink mice d5d-00019,,microsoft,,15.25
No,688,2870,0,688,kodak easyshare m530 red 12mp digital camera w 3x optical zoom 2.7 lcd w 50 bonus prints digital cameras,,kodak,m530 red,99.54,2870,kodak easyshare m530 12mp digital camera w 3x wide angle optical zoom 2.7 lcd carbon 2gb sd card camera bag s table tripod 3 pieces cleaning kit sd card reader kodak,digital cameras,,,
No,1688,9336,0,1688,universal pressboard classification folder legal box of 10 red stationery & office machinery,,,82007,47.84,9336,universal 10316 - pressboard end tab classification folders legal six-section red 10 box,,universal,,
No,16,15183,0,16,xfx radeon hd6850 pcie 1gb ddr5 graphics card 195.0,electronics - general,xfx,hd685xzndc,,15183,xfx hd 6850 775m 1 gb ddr5 graphics card hd685xznfc graphics cards,,xfx,hd685xznfc,163.99
No,1571,2689,0,1571,da-lite honey maple veneer model b manual screen with matte white fabric - 60 x 60 diagonal video format da-lite 87184,electronics - general,,,167.99,2689,natural walnut veneer model b manual screen with matte white fabric - diagonal video format size 60 x 60 diagonal da-lite,projection screens,,,
No,1815,17249,0,1815,wilson jones super heavy weight sheet protector stationery & office machinery wilson jones 21403,,,,10.94,17249,new-wilson jones 21400 - super heavy weight sheet protector clear 50 box - wlj21400 storage presentation materials,,wilson jones,,28.0
No,1057,16735,0,1057,s j paper file jackets with 1 1 2 expansion letter 11 pt . manila 50 ctn stationery & office machinery,,s j paper,,45.69,16735,new-s j paper s11320 - file jackets with 1 1 2 inch expansion letter 11 point manila 50 box - sjps11320,laminating supplies,s j paper,,
No,95,1033,0,95,hp ce505xd black laserjet print cartridges 2pk hp hp ce505xd 258.84,printers,,,,1033,hp laserjet ce505x black print cartridge ce505x,laser printer toner,hp,,
No,2209,18420,0,2209,bankers box super stor drawer file ltr steel plastic 12-3 4 x 23 x 10-1 2 blk we 6 ctn bankers box 179.99,storage,,,,18420,new-bankers box 00372 - super stor drawer file storage box legal steel plastic black white 6 carton - fel00372 bankers box,storage presentation materials,,,
No,2461,7240,0,2461,filemate imagine series k2010 usb standard keyboard computers,,,,15.12,7240,wintec filemate imagine series k2010 usb standard keyboard - luminous red 3fmnk2010urd-r keyboards wintec 15.99,,,3fmnk2010urd-r,
No,2391,809,0,2391,da-lite high power model b manual screen with csr - 96 x 96 av format 85311 555.99,electronics - general,da-lite,,,809,da-lite model b with csr high power - projection screen projection screens da-lite high power 289.95,,,,
No,658,12878,0,658,keyspan usb twin serial adapter electronics - general keyspan 70.73,,,usa-28xg,,12878,keyspan usa-28x external usb to serial adapter connectors adapters keyspan,,,,
No,278,19779,0,278,da-lite hc cinema vision tensioned advantage electrol - av format 8 x 8 diagonal,electronics - general,da-lite,89939,2595.0,19779,hc cinema vision tensioned advantage deluxe electrol - av format size 50 x 50 projection screens da-lite,,,,
No,126,21663,0,126,audiovox sirius connect home dock for sp st sv 3-5 satellite radio audiovox schdoc1 55.13,,,,,21663,audiovox sirius schdoc1p siriusconnect pro home dock black schdoc1p 47.4,car electronics,directed electronics,,
No,2445,13066,0,2445,hello kitty sms text messenger toys - games sakar 79009,,,,19.11,13066,hello kitty 79009 sms text messenger red audio video accessories hello kitty 79009-tru-red 16.99,,,,
No,889,8764,0,889,logitech wireless mouse m310 bundle computers,,,,29.88,8764,logitech wireless mouse m310 dark aces 910-002087 mice,,logitech,910-002087,24.45
No,887,20428,0,887,da-lite dual vision tensioned advantage deluxe electrol - hdtv format 92 diagonal electronics - general da-lite,,,88285,4242.99,20428,da-lite tensioned advantage electrol dual vision - projection screen motorized - 106 in projection screens da-lite,,,advantage electrol dual vision,
No,204,2306,0,204,bic mark-it retractable permanent marker fine red 1-dozen,stationery & office machinery,bic,pmr11-red,12.49,2306,bicgpm11be - mark-it fine point permanent marker bic 10.31,,,,
No,932,802,0,932,da-lite dual vision tensioned cosmopolitan electrol - av format 10 x 10 diagonal,electronics - general,da-lite,84992,2735.99,802,da-lite tensioned cosmopolitan electrol - projection screen motorized - 1 1 - dual vision projection screens da-lite cosmopolitan electrol,,,,
No,545,9656,0,545,roocase multi-angle leather case for lg g-slate 8.9-inch 4g tablet electronics - general 222052,,roocase,,35.99,9656,roocase multi-angle magenta leather folio case cover for lg g-slate 8.9-inch 4g android tablet wi-fi 4g cases sleeves roocase,,,,29.93
No,1064,21924,0,1064,chief manufacturing projector ceiling mount kit stationery & office machinery 208.8,,chief manufacturing,,,21924,chief mfg cma450 projector ceiling mount plate projector mounts chief,,,cma450,116.72
No,1869,8591,0,1869,centon 16gb datastick pro usb flash drive 2-pack bundle computers 42.0,,,,,8591,centon 16 gb datastick pro usb 2.0 flash drive dsp16gb-009 computer components dsp16gb-009 21.4,,centon,,
No,1240,1303,0,1240,visioneer prw120-wu roadwarrior patriot sheetfed scanner electronics - general,,visioneer,prw120-wu,249.98,1303,visioneer roadwarrior mobile 600 dpi usb scanner rw120-wu rw120-wu,scanners,visioneer,,
No,1513,1591,0,1513,snapshield p2 polycarbonate case ipad 2 smoke mp3 accessories scosche ipd2pcbk,,,,20.88,1591,scosche snapshield p2 polycarbonate case ipad 2 - blue ipd2pcbl laptop netbook computer accessories ipd2pcbl,,scosche,,
No,2126,19124,0,2126,pny 4gb sdhc memory card class 4 pny p-sdhc4g4-ef 8.98,usb drives,,,,19124,pny 4gb class 4 gray sd card p-sdhc4g4-ef / gray 14.79,memory cards,pny,,
No,2201,13661,0,2201,pny 4gb micro swivel attache flash drive printers pny 9.84,,,,,13661,pny micro swivel attach 4 gb usb 2.0 flash drive p-fdu4gbsv-ef sil silver pny p-fdu4gbsv-ef / sil 11.2,usb flash drives,,,
No,1632,626,0,1632,case logic high zoom camera case mp3 accessories 152256 17.59,,case logic,,,626,case logic dcb-66 high zoom camera case black case logic 25.99,cases bags,,dcb-66,
No,497,3071,0,497,hon 310 series full-suspension file,storage,hon,315cpp,549.0,3071,hon 315cps - 310 series five-drawer full-suspension file legal 26-1 2d charcoal hon 458.6,,,,
No,585,19031,0,585,iluv ipod nano 6g clear glare-free screen film mp3 accessories iluv,,,icc1113clr,11.88,19031,iluv icc1112clr ipod nano 6g clear type protective film screen protectors apple 9.0,,,,
No,1527,5049,0,1527,bic great erase grip chisel dry erase marker black 12pk gdem11-blk,stationery & office machinery,bic,,16.08,5049,bic great erase bold whiteboard dry erase black markers with chisel tip 12 pack dec11bk unknown,computers accessories,,,15.64
No,2139,13830,0,2139,agf blackberry torch 9800 9810 endo grt case black black electronics - general ha0435-m005,,agf,,25.88,13830,agf grt shell case for blackberry torch 9800 cases grt g003776r00 19.99,,,,
No,889,10725,0,889,logitech wireless mouse m310 bundle computers,,,,29.88,10725,logitech wireless mouse m310 victorian wallpaper 910-002480 logitech 910-002480,mice,,,17.5
No,1298,19922,0,1298,lenovo thinkpad x60 tablet digitizer pen tether 3pk lenovo 13.67,electronics - general,,41u4820,,19922,thinkpad x60 tablet digitizer pen keyboards mice input devices,,lenovo,,52.99
No,1226,5477,0,1226,sony cyber-shot dsc-t110 16mp digital camera red w 4x optical zoom hd movie capture 3.0 touchscreen lcd w 50 bonus prints digital cameras 219.99,,sony,dsc-t110 / r,,5477,sony cyber-shot dsc-t110 16.1 mp digital still camera with carl zeiss vario-tessar 4x optical zoom lens and 3.0-inch touchscreen black point shoot digital cameras,,sony,dsct110/b,189.99
No,742,118,0,742,logitech m305 wireless mouse black,mice,logitech,910-001752,29.73,118,logitech wireless mouse m305 dark vine 910-002081 mice 23.65,,logitech,910-002081,
No,2235,7222,0,2235,xtrememac tuffshield for ipad 2 matte mp3 accessories memorex padsm203 22.99,,,,,7222,tuffshield for ipad matte screen protectors,,xtrememac,02216,23.35
No,2149,10786,0,2149,kodak easyshare m552 dark pink 14mp digital camera w 5x optical zoom 2.7 lcd display w 50 bonus prints kodak,digital cameras,,m552pink,94.54,10786,kodak easyshare m552 14mp digital camera with 5x optical zoom and 2.7-inch lcd in black 4gb accessory kit m552 119.95,digital slr camera bundles,kodak,,
No,742,6729,0,742,logitech m305 wireless mouse black,mice,logitech,910-001752,29.73,6729,logitech wireless mouse m305 dark fleur mice logitech 910-001898 24.17,,,,
No,1688,18967,0,1688,universal pressboard classification folder legal box of 10 red stationery & office machinery,,,82007,47.84,18967,new-pendaflex 2257r - pressboard classification folders legal six-section red 10 box - ess2257r 38.11,laminating supplies,pendaflex,,
No,1570,14952,0,1570,hon 10500 series curved return hon 479.0,furniture,,105817rnn,,14952,hon 105817rcc - 10500 series curved return right 42w x 18-24d x 29-1 2h harvest hon,,,,402.29
No,387,1160,0,387,evga 1gb geforce gt 520 ddr3 graphics card evga 01gp31521kr,electronics - general,,,68.99,1160,evga geforce gt 520 graphics card video card 01g-p3-1526-kr evga 50.09,graphics cards,,01g-p3-1526-kr,
No,2030,20736,0,2030,energizer er-p240 cordless phone battery 11.88,computers,energizer,,,20736,hqrp cordless phone battery compatible with energizer er-p240 erp240 replacement plus coaster hqrp,batteries,,,6.91
No,1117,17314,0,1117,quartet horizontal format planning system porcelain 36 x 24 white aluminum frame stationery & office machinery quartet 199.09,,,,,17314,quartet pp132 - horizontal format planning system porcelain 36 x 24 graphite quartet,networking products,,,
No,2019,17753,0,2019,hon metal bookcase 34-1 2w x 12-5 8d x 81-1 8h furniture hon s82abcp 369.0,,,,,17753,new-hon s82abcs - metal bookcase 6 shelves 34-1 2w x 12-5 8d x 81-1 8h charcoal - hons82abcs hon,laminating supplies,,,519.0
No,1745,16721,0,1745,duracell coppertop aa batteries 6pk 4133300407 0.0,electronics - general,duracell,,,16721,duracell coppertop batteries aa duracell,,,mn1500b20,12.19
No,2237,20493,0,2237,verbatim 4.7 gb 16x dvd-r whilte inkjet printable 50 packs spindle disc mp3 accessories verbatim 95079,,,,16.14,20493,verbatim dvd-r 16x 4.7 gb 120min white inkjet printable 50 pk blank media verbatim,,,,
No,248,1688,0,248,razer lachesis gaming mouse mice razer rz01-00170500-r3u1 77.5,,,,,1688,razer lachesis 4000 dpi gaming mouse wraith red gaming mice razer rz01-00170300,,,,72.39
No,545,11634,0,545,roocase multi-angle leather case for lg g-slate 8.9-inch 4g tablet electronics - general 222052,,roocase,,35.99,11634,roocase ultra slim magenta leather case cover with stand for lg g-slate 8.9-inch 4g android tablet wi-fi 4g roocase 32.93,cases sleeves,,,
No,814,2813,0,814,da-lite dual vision tensioned cosmopolitan electrol - av format 7 x 9 diagonal da-lite 84986,electronics - general,,,2346.99,2813,da-lite tensioned cosmopolitan electrol - projection screen motorized - 1 1 - dual vision projection screens da-lite cosmopolitan electrol,,,,
No,2236,3629,0,2236,roocase executive portfolio leather case w 2 screen protector for blackberry playbook electronics - general,,roocase,220761,35.99,3629,roocase 2n1 executive portfolio black leather case cover and 2-pack anti-glare screen protector for blackberry playbook tablet wi-fi 4g,cases sleeves,roocase,,39.54
No,889,8826,0,889,logitech wireless mouse m310 bundle computers,,,,29.88,8826,labtec logitech wireless mouse m310 - silver filament 910-002485 mice labtec 28.24,,,910-002485,
No,2436,760,0,2436,elite screens maxwhite vmax2 plus2 series ezelectric motorized screen - 135 diagonal in black case electronics - general vmax135uwv2 649.99,,elite screens,,,760,maxwhite vmax2 plus2 series 116.5 overall height ezelectric motorized screen - 135 diagonal in white case projection screens elite 594.0,,,,
No,2114,14704,0,2114,da-lite video spectra 1.5 advantage manual with csr - video format 84 diagonal,electronics - general,da-lite,85703,847.99,14704,da-lite advantage manual with csr - projection screen - 133 in - 16 9 - video spectra 1.5 home audio theater 789.95,,da-lite,,
No,925,21876,0,925,oki 43502001 type 9 black toner cartridge oki 4.3502001 e7 98.0,printers,,,,21876,oki type 9 - toner cartridge - 1 x black - 3000 pages laser printer toner oki 9,,,,38.28
No,2323,16958,0,2323,quartet prestige bulletin board graphite-blend cork maple frame stationery & office machinery b243ma,,quartet,,50.0,16958,quartet b244ma - prestige bulletin board graphite-blend cork 48 x 36 maple frame,printers,quartet,,
No,1413,6729,0,1413,logitech 910-002463 wireless mouse m305 silver filament mice 910-002463 28.88,,logitech,,,6729,logitech wireless mouse m305 dark fleur mice logitech 910-001898 24.17,,,,
No,891,3545,0,891,sabrent sata to ide ultra ata mini converter board electronics - general sabrent 10.88,,,sbt-scide,,3545,serial ata sata to sabrent ide ultra ata-100 133 port mini converter computers accessories sbt-stdb,,sabrent,,11.08
No,1228,5477,0,1228,sony cyber-shot dsc-t110 16mp digital camera violet w 4x optical zoom hd movie capture 3.0 touchscreen lcd w 50 bonus prints digital cameras dsc-t110 / v,,sony,,219.99,5477,sony cyber-shot dsc-t110 16.1 mp digital still camera with carl zeiss vario-tessar 4x optical zoom lens and 3.0-inch touchscreen black point shoot digital cameras,,sony,dsct110/b,189.99
No,2297,11014,0,2297,da-lite medium oak veneer model b manual screen with matte white fabric - 60 x 60 diagonal video format da-lite 73171,electronics - general,,,167.99,11014,heritage walnut veneer model b manual screen with matte white fabric - diagonal video format size 60 x 60 diagonal projection screens da-lite,,,,
No,2331,7294,0,2331,visual land v-motion pro 4gb mp3 player me9644gbblk,mp3,visual land,,39.88,7294,visual land v-motion pro 4 gb video music 2.4-inch mp3 player with camera blue 33.29,mp3 players,visual land,me-964-4gb-blu,
No,2305,4470,0,2305,clickfree c2 500gb usb 3.0 portable external hard drive clickfree,hard drives,,hd527b3,84.98,4470,clickfree automatic backup c2 500 gb usb 2.0 portable external hard drive hd527b piano black hd527b-1004-100,external hard drives,clickfree,,
No,1419,20145,0,1419,innovera softskin gel keyboard wrist rest black electronics - general 11.88,,innovera,51451,,20145,innovera softskin gel wrist rest black wrist rests innovera 13.17,,,,
No,736,17761,0,736,hammermill everyday copy and print paper 92 bright 20lb letter white 5000 sheets ctn hammermill,stationery & office machinery,,162008,46.47,17761,new-hammermill 105007 - copy plus copy paper 92 brightness 20lb 8-1 2 x 11 white 5000 sheets carton - ham105007 storage presentation materials hammermill 89.23,,,,
No,1242,20348,0,1242,gear head 2.4 ghz wireless optical nano mouse black gear head mp2800blk,mice,,,15.82,20348,2.4 ghz wireless optical nano mouse red usb mice mp2275red 12.0,,gear head,,
No,433,12366,0,433,apc professional surgearrest 8 outlet 2 pairs phone line protection 120v apc,electronics - general,,pro8t2,25.0,12366,apc pro8 8-outlet surgearrest professional surge protector apc,power strips,,apc pro8,21.98
No,986,4642,0,986,microsoft wireless desktop 800 for business 26.88,electronics - general,microsoft,5sh-00001,,4642,microsoft wireless desktop 800 keyboard and mouse combo keyboard mouse combos microsoft 2lf-00001 27.83,,,,
No,1413,4711,0,1413,logitech 910-002463 wireless mouse m305 silver filament mice 910-002463 28.88,,logitech,,,4711,logitech m305 wireless mouse silver mice logitech 910-000928 19.99,,,,
No,1702,17898,0,1702,pendaflex interior file folders top tab 100 box stationery & office machinery,,,421013bla,20.94,17898,pendaflex 421013 - interior file folders 1 3 cut top tab letter manila 100 box home audio theater pendaflex,,,,
No,40,15969,0,40,da-lite 93163 model b manual wall and ceiling projection screen 93163,electronics - general,da-lite,,149.88,15969,70inx70in model b manual screen wall ceiling matte white projection screens da-lite screen 54.54,,,40188,
No,1835,5151,0,1835,eco-products flat compostable cold drink cup lids 1000ct epflcc 81.97,house wares,,,,5151,eco-products epdlcc - compostable cold drink cup lids dome clear 1000 ctn eco-products 162.59,,,,
No,2531,4659,0,2531,night owl security products wired color security camera with 60 of cable night owl 49.71,garden - general,,cam-cm01-245,,4659,night owl security products cam-s420-245 ccd wired color security camera with 60 of cable surveillance cameras night owl optics cam-s420-245,,,,49.99
No,900,14887,0,900,ifrogz backbone case for ipad 2 black mp3 accessories ifrogz 34.99,,,ipad2bakblk,,14887,ifrogz ipad 2 backbone case - clear ipad2-bak-clr cases sleeves ifrogz,,,ipad2-bak-clr,34.14
No,1228,11499,0,1228,sony cyber-shot dsc-t110 16mp digital camera violet w 4x optical zoom hd movie capture 3.0 touchscreen lcd w 50 bonus prints digital cameras dsc-t110 / v,,sony,,219.99,11499,sony cyber-shot dsc-t110 16.1 mp digital still camera with carl zeiss vario-tessar 4x optical zoom lens and 3.0-inch touchscreen silver sony 189.95,point shoot digital cameras,,dsct110,
No,517,4079,0,517,targus 15.4 corporate traveler laptop case,electronics - general,targus,146417,79.99,4079,targus checkpoint-friendly corporate traveler case for 15.4 inch laptops cuct02ua15s black bags cases targus cuct02ua15s,,,,66.27
No,702,21933,0,702,da-lite mahogany veneer model b manual screen with high power fabric - 60 x 60 av format electronics - general 310.99,,da-lite,99735,,21933,medium oak veneer model b manual screen with high power fabric - av format size 60 x 60,projection screens,da-lite,,
No,1530,12831,0,1530,wausau paper astrobrights colored paper 24lb 8-1 2 x 11 planetary purple 500 sheets ream 10.27,stationery & office machinery,wausau paper,22621,,12831,astrobright paper 24lb 8-1 2 x11 planetary purple . printer ink toner wausau,,,,16.99
No,260,13745,0,260,oki 52102001 ribbon black oki 5.2102001 e7 14.0,printers,,,,13745,okidata 52102001 compatible black printer ribbon 6 pack impact dot matrix printer ribbons egpchecks,,,52102001,9.99
No,1153,7242,0,1153,filemate imagine series m2810 usb standard mouse 8.98,computers,,,,7242,wintec filemate imagine series m2810 usb standard mouse - white with light green 3fmnm2810ugn-r wintec 3fmnm2810ugn-r 11.99,mice,,,
No,162,18349,0,162,pacon rainbow duo-finish colored kraft paper 35 lbs . 36 x 1000 ft stationery & office machinery 63300 62.94,,pacon products,,,18349,new-pacon 63060 - rainbow duo-finish colored kraft paper 35 lbs . 36 x 1000 ft flame - pac63060 pacon 105.0,storage presentation materials,,,
No,2126,21494,0,2126,pny 4gb sdhc memory card class 4 pny p-sdhc4g4-ef 8.98,usb drives,,,,21494,pny 4gb class 4 purple sd card blank media p-sdhc4g4-ef / purple,,pny,,14.99
No,1570,19039,0,1570,hon 10500 series curved return hon 479.0,furniture,,105817rnn,,19039,hon 105818lcc - 10500 series curved return left 42w x 24-18d x 29-1 2h harvest,,hon,,402.29
No,1952,1770,0,1952,pc treasures clickit classic mouse black 07667 16.8,mice,pc treasures,,,1770,pc treasures clickit classic mouse - copper 07724 mice pc treasures 07724 16.8,,,,
No,1551,6893,0,1551,blue crane nbc121 introduction to the canon 50d volume 1 basic controls dvd camera and camcorder accessories nbc121 19.0,,norazza,,,6893,introduction to the canon 50d vol . 1 basic controls blue crane digital 20.33,,,zbc121,
No,1393,16924,0,1393,gbc design view presentation binding system covers clear 8-3 4 2514500,stationery & office machinery,,,19.94,16924,gbc 2020025 - clear view presentation binding system cover 11 x 8-1 2 clear 100 box storage presentation materials gbc,,,,
No,572,4643,0,572,microsoft wireless laser desktop 3000 keyboard and mouse combo,electronics - general,microsoft,nud-00001,29.82,4643,microsoft wireless desktop 3000 keyboard and mouse combo keyboard mouse combos mfc-00001,,microsoft,,33.0
No,129,18649,0,129,bushnell backtrack personal locator tech gray bushnell,handheld gps,,,49.99,18649,bushnell backtrack point-5 personal gps locator gray sports outdoor gps bushnell 60.09,,,360200,
No,2297,4739,0,2297,da-lite medium oak veneer model b manual screen with matte white fabric - 60 x 60 diagonal video format da-lite 73171,electronics - general,,,167.99,4739,light oak veneer model b manual screen with matte white fabric - diagonal video format size 60 x 60 diagonal projection screens da-lite,,,,
No,467,21605,0,467,universal quick set-up lift-off lid box ltr lgl fiberboard 12 x 10 x 15 blk we 12 ctn universal products,storage,,,30.59,21605,universal 95224 - quick set-up lift-off lid storage box letter legal fiberboard white 12 ctn,,universal,,63.0
No,2284,17234,0,2284,sharpie retractable fine point permanent markers sharpie 5.99,stationery & office machinery,,32760,,17234,sharpie 32701 - retractable permanent marker fine point black accessory kits 20.92,,sharpie,,
No,889,12769,0,889,logitech wireless mouse m310 bundle computers,,,,29.88,12769,logitech wireless mouse m310 indigo scroll 910-002482 mice logitech 910-002482,,,,20.05
No,2541,14698,0,2541,da-lite matte white designer model b with fabric case in fawn - 70 x 70 av format da-lite 73113,electronics - general,,,152.99,14698,da-lite designer model b - projection screen - 1 1 - matte white - fawn projection screens,,da-lite,,
No,570,9470,0,570,startech 70 coaxial high resolution monitor vga cable electronics - general mxt101mmhq70,,startech,,49.0,9470,startech 6-feet coax high resolution vga monitor cable - hd15 m m mxt101mmhq cables interconnects 4.99,,startech,mxt101mmhq,
No,820,7079,0,820,asus engt430 dc geforce gt430 1gb ddr3 graphics card electronics - general asus engt430 dc s/di/1gd3 84.88,,,,,7079,asus geforce gt430 1 gb ddr3 video card engt430 di 1gd3 lp engt430/di/1gd3 ( lp ),graphics cards,asus,,59.99
No,612,4733,0,612,da-lite video spectra 1.5 advantage manual with csr - wide format 113 diagonal electronics - general 34716,,da-lite,,888.99,4733,da-lite advantage manual with csr - projection screen - 4 3 - video spectra 1.5 - white projection screens 636.95,,da-lite,,
No,2149,12850,0,2149,kodak easyshare m552 dark pink 14mp digital camera w 5x optical zoom 2.7 lcd display w 50 bonus prints kodak,digital cameras,,m552pink,94.54,12850,kodak easyshare m552 14 mp digital camera with 5x optical zoom and 2.7-inch lcd - black new model point shoot digital cameras kodak,,,1836824,
No,459,20827,0,459,pentel quicker clicker automatic pencil,stationery & office machinery,pentel,pd347tc,5.0,20827,penpd345a - quicker clicker automatic pencil,,pentel,,8.05
No,889,19565,0,889,logitech wireless mouse m310 bundle computers,,,,29.88,19565,logitech wireless mouse m310 flame red 910-002486 mice logitech 17.95,,,910-002486,
No,509,1798,0,509,panasonic lumix dmc-fh5v 16.1 mp violet digital camera w 4x optical zoom 2.7 lcd display digital cameras panasonic dmc-fh5v 129.0,,panasonic,,,1798,panasonic lumix dmc-fh5 16.1 mp digital camera with 4x optical image stabilized zoom with 2.7-inch lcd purple panasonic dmc-fh5p-v,point shoot digital cameras,,,
No,889,2790,0,889,logitech wireless mouse m310 bundle computers,,,,29.88,2790,logitech wireless mouse m310 soft violet mice logitech,,,910-001918,23.13
No,2082,11014,0,2082,da-lite cherry veneer model b manual screen with matte white fabric - 60 x 60 diagonal video format da-lite 73179 167.99,electronics - general,,,,11014,heritage walnut veneer model b manual screen with matte white fabric - diagonal video format size 60 x 60 diagonal projection screens da-lite,,,,
No,578,11384,0,578,targus chill mat laptop cooling stand electronics - general,,targus,pa248u2,30.44,11384,targus pa248u5 laptop chill mat black computers accessories pa248u5,,targus,,27.99
No,2201,11698,0,2201,pny 4gb micro swivel attache flash drive printers pny 9.84,,,,,11698,pny micro swivel attach 4 gb usb 2.0 flash drive p-fdu4gbsv-ef blu blue usb flash drives p-fdu4gbsv-ef / blu 7.99,,pny,,
No,2337,19231,0,2337,edge tech diskgo 500gb external superspeed usb 3.0 hard drive,hard drives,edge tech,pe227821,70.98,19231,diskgo 500gb external hard drive edgdg207342pe,,edge,,121.01
No,811,12394,0,811,aleratec inc cd dvd shredder aleratec,stationery & office machinery,,,61.88,12394,aleratec 240144 dvd cd shredder plus ds2 black aleratec 111.39,shredders,,240144,
No,1624,7991,0,1624,hp q3675a image transfer kit hp 194.84,printers,,q3675a,,7991,color laserjet 4700 image transfer kit printer transfer units hp 4700/4730/cp4005 195.98,,,,
No,1317,15355,0,1317,tenba mixx shoulder bag large 136902 85.99,mp3 accessories,tenba,,,15355,tenba 638-625 mixx large camera shoulder bag black orange cases bags,,tenba,638-625,
No,771,11539,0,771,crystal cover set for ipad 2 crystal clear mp3 accessories tr-ccsipd2-cc / en 29.99,,simplism,,,11539,simplism japan crystal cover set for ipad 2 - white tr-ccsipd2-wt en,cases sleeves,simplism japan,tr-ccsipd2-wt / en,29.99
No,1688,17244,0,1688,universal pressboard classification folder legal box of 10 red stationery & office machinery,,,82007,47.84,17244,smead 19075 - pressboard classification folders wself tab legal six-section red 10 box office electronics smead,,,,
No,2515,554,0,2515,corsair 115gb solid state drive corsair force series corsair,hard drives,,cssdf115gbp2brk,261.25,554,corsair 120 gb force series ultra fast trim supported solid state drive cssd-f120gb2-brkt computers accessories corsair cssd-f120gb2-brkt,,,,
No,1423,7699,0,1423,pny 4gb mini flash drive pny,usb drives,,p-fd4gb / mini-efm1,12.88,7699,pny p-fd4gb mini-fs 4gb mini attache usb 2.0 flash drive pny p-fd4gb / mini-rf,usb flash drives,,,
No,702,11013,0,702,da-lite mahogany veneer model b manual screen with high power fabric - 60 x 60 av format electronics - general 310.99,,da-lite,99735,,11013,heritage walnut veneer model b manual screen with high power fabric - av format size 60 x 60 projection screens,,da-lite,,
No,889,8763,0,889,logitech wireless mouse m310 bundle computers,,,,29.88,8763,logitech wireless mouse m310 silver mice logitech,,,910-001675,21.49
No,2127,16035,0,2127,svat ultra-slim web-ready 8 channel dvr security system with built-in 19 lcd screen and 4 indoor outdoor hi-res night vision surveillance cameras clearvu10 1199.0,garden - general,svat electronics,,,16035,svat sync cv503-8ch19m-002 all-in-one 19-inch lcd screen 8 channel 500gb hdd dvr security system with smart phone access and 4 indoor outdoor hi-res night vision ccd surveillance cameras bullet cameras,,svat,cv503-8ch19m-002,
No,1531,17433,0,1531,hon 10700 series right pedestal credenza 72w x 24d x 29-1 2h mahogany hon,furniture,,10707rnn,799.0,17433,new-hon 10707rnn - 10700 series right pedestal credenza 72w x 24d x 29-1 2h mahogany - hon10707rnn hon,laminating supplies,,,486.0
No,993,14690,0,993,da-lite matte white model c with csr manual screen - 50 x 67 video format da-lite,electronics - general,,91841,397.99,14690,da-lite model c with csr - projection screen - matte white da-lite with csr 398.5,projection screens,,,
No,2019,17431,0,2019,hon metal bookcase 34-1 2w x 12-5 8d x 81-1 8h furniture hon s82abcp 369.0,,,,,17431,new-hon s82abcq - metal bookcase 6 shelves 34-1 2w x 12-5 8d x 81-1 8h light gray - hons82abcq 519.0,laminating supplies,hon,,
No,1171,16356,0,1171,wilson jones wallet file legal recycled kraft stationery & office machinery 5.09,,wilson jones,,,16356,wilson jones wcc7234rg - wallet file legal recycled green wilson jones,,,,
No,664,11618,0,664,adobe photoshop and premiere elements 9 windows and mac software 140.7,,adobe,65087226,,11618,pc treasures 19652 sft adobe photoshop elements 9 premiere elements 9 windows mac version,audio video accessories,pc treasures,,22.67
No,944,2279,0,944,brother tn360 black toner cartridge brother tn360,printers,,,45.54,2279,brother black high yield toner cartridge tn450 tn450 42.49,laser printer toner,brother,,
No,2112,12785,0,2112,da-lite video spectra 1.5 model c with csr manual screen - 7 x 9 av format 82976,electronics - general,da-lite,,697.99,12785,da-lite model c with csr - projection screen - 1 1 - video spectra 1.5 with csr,projection screens,da-lite,,401.95
No,219,2725,0,219,microsoft wireless mobile mouse 4000 sgkomen pink microsoft,mice,,d5d-00052,20.0,2725,microsoft wireless mobile mouse 4000 - white mice d5d-00008 19.99,,microsoft,,
No,889,14667,0,889,logitech wireless mouse m310 bundle computers,,,,29.88,14667,logitech wireless mouse m310 vivid violet 910-002488 logitech 910-002488,mice,,,16.5
No,37,5601,0,37,roocase multi-angle folio leather case stylus for acer iconia tab a500 electronics - general roocase 47.99,,,222043,,5601,roocase multi-angle black leather folio case cover for acer iconia tab a500 a501 10.1-inch android tablet wi-fi roocase,,,,29.89
No,353,14169,0,353,logitech wireless mouse m315 silver mice logitech,,,910002537,19.88,14169,logitech wireless mouse m315 nano steel blue logitech m315,mice,,,
No,2272,12417,0,2272,3m 98-0440-4809-2 pf27 .0 w privacy screen filter for lcd monitor electronics - general,,3m,98-0440-4809-2,199.88,12417,3m privacy filter - 3m pf27 .0 w9 widescreen monitor privacy screen 16 9 3m pf27 .0 w9,screen filters,,,157.03
No,1425,10754,0,1425,da-lite hc matte white advantage manual with csr - wide format 164 diagonal da-lite,electronics - general,,34723,1223.99,10754,da-lite advantage manual with csr - projection screen - 1 1 - matte white da-lite 542.95,projection screens,,,
No,1258,21936,0,1258,da-lite video spectra 1.5 model c manual screen - 78 x 139 hdtv format 787.99,electronics - general,da-lite,82973,,21936,da-lite model c hdtv format manual wall and ceiling screen 78 x 139 159 diagonal silver matte surface projection screens da-lite 539.95,,,,
No,547,21282,0,547,verbatim 96438 2gb store n go usb 2.0 flash drive usb drives 96438 14.84,,verbatim,,,21282,verbatim 95183 - store n go usb flash drive 2gb uninterrupted power supply ups verbatim,,,,
No,2517,14169,0,2517,logitech wireless mouse m315 victorian mice,,logitech,910002534,19.88,14169,logitech wireless mouse m315 nano steel blue logitech m315,mice,,,
No,786,12785,0,786,da-lite video spectra 1.5 model c with csr manual screen - 58 x 104 hdtv format da-lite,electronics - general,,82980,736.99,12785,da-lite model c with csr - projection screen - 1 1 - video spectra 1.5 with csr,projection screens,da-lite,,401.95
No,1571,11014,0,1571,da-lite honey maple veneer model b manual screen with matte white fabric - 60 x 60 diagonal video format da-lite 87184,electronics - general,,,167.99,11014,heritage walnut veneer model b manual screen with matte white fabric - diagonal video format size 60 x 60 diagonal projection screens da-lite,,,,
No,2297,6998,0,2297,da-lite medium oak veneer model b manual screen with matte white fabric - 60 x 60 diagonal video format da-lite 73171,electronics - general,,,167.99,6998,honey maple veneer model b manual screen with matte white fabric - diagonal video format size 60 x 60 diagonal,projection screens,da-lite,,
No,1317,9408,0,1317,tenba mixx shoulder bag large 136902 85.99,mp3 accessories,tenba,,,9408,tenba 638-621 mixx large camera shoulder bag black black tenba,cases bags,,638-621,
No,1571,4739,0,1571,da-lite honey maple veneer model b manual screen with matte white fabric - 60 x 60 diagonal video format da-lite 87184,electronics - general,,,167.99,4739,light oak veneer model b manual screen with matte white fabric - diagonal video format size 60 x 60 diagonal projection screens da-lite,,,,
No,65,8836,0,65,epson t020201 color ink cartridge epson t020201 27.0,printers,,,,8836,epson stylus color 880 880i color ink cartridge double pack,inkjet printer ink,epson,t020201-d1,38.31
No,948,1204,0,948,edge 512mb 1x512mb pc2100 nonecc unbuffered 200 pin ddr sodimm edge pe187378 22.88,memory,,,,1204,edge - memory - 512 mb - so dimm 200-pin - ddr - 266 mhz pc2100 - unbuffered - non-ecc computers accessories edge 13.99,,,,
No,2434,4727,0,2434,da-lite high power model b manual screen - 72 x 72 av format electronics - general 33424,,da-lite,,229.99,4727,da-lite model b high power - projection screen - 72 in 183 mm projection screens high power 174.95,,da-lite,,
No,1134,6753,0,1134,da-lite high power advantage manual with csr - hdtv format 133 diagonal,electronics - general,da-lite,85742,1267.99,6753,da-lite advantage manual with csr - projection screen - 1 1 - high power projection screens da-lite,,,,
No,765,5410,0,765,startech 2 port pci express superspeed usb 3.0 card adapter electronics - general pexusb3s2 39.98,,startech,,,5410,startech.com 2 port pci superspeed usb 3.0 card adapter pciusb3s2 pciusb3s2 51.0,hubs,startech,,
No,2396,16194,0,2396,crown super-soaker polypropylene wiper mat with gripper bottom 45 x 67 charcoal rugs crown,,,ssr046ch,139.97,16194,crown ssr035ch - super-soaker wiper mat w gripper bottm polypropylene 34 x 58 charcoal antitheft,,crown,,
No,2236,11638,0,2236,roocase executive portfolio leather case w 2 screen protector for blackberry playbook electronics - general,,roocase,220761,35.99,11638,roocase executive portfolio black leather case cover with landscape portrait view for blackberry playbook tablet wi-fi 4g cases sleeves 20.0,,roocase,,
No,1654,9467,0,1654,startech 6 slim 3.5 mm right angle stereo audio cable m m,electronics - general,startech,mu6mms2ra,7.88,9467,startech.com mu6mmsra slim 3.5 mm to right angle stereo audio cable - m m 6 feet mu6mmsra 4.49,connectors adapters,startech,,
No,1688,16652,0,1688,universal pressboard classification folder legal box of 10 red stationery & office machinery,,,82007,47.84,16652,pendaflex 2157r - pressboard classification folders legal four-section red 10 box,storage presentation materials,pendaflex,,
No,1408,18494,0,1408,olympus vg-110 silver 12mp digital camera bundle w 4x optical zoom 2.7 lcd display hd movie recording olympus 228175 kit 139.0,digital cameras,,,,18494,silver vg-110 12mp digital camera with 4x optical zoom and 2.7 lcd olympus,printers,,,
No,1228,13482,0,1228,sony cyber-shot dsc-t110 16mp digital camera violet w 4x optical zoom hd movie capture 3.0 touchscreen lcd w 50 bonus prints digital cameras dsc-t110 / v,,sony,,219.99,13482,sony cyber-shot dsc-t110 16.1 mp digital camera with 4x optical zoom and 3-inch touchscreen in silver 8gb accessory kit sony dsc-t110 209.95,point shoot digital cameras,,,
No,209,18713,0,209,link depot 80mm led computer case fan black,networking,link depot,fan-80-bk,3.98,18713,link depot fan led fan 80mm blue computers accessories link depot fan-4led-80bu,,,,
No,2371,8969,0,2371,ifrogz summit case for ipad 2 black mp3 accessories ifrogz ipad2sumblk,,,,59.99,8969,ifrogz summit case for ipad 2 - black with blue snap-on shell ipad2-sum-blu ifrogz 39.98,cases sleeves,,ipad2-sum-blu,
No,2115,809,0,2115,da-lite high power model b manual screen with csr - 84 x 84 av format electronics - general da-lite 85303 372.99,,,,,809,da-lite model b with csr high power - projection screen projection screens da-lite high power 289.95,,,,
No,1226,11499,0,1226,sony cyber-shot dsc-t110 16mp digital camera red w 4x optical zoom hd movie capture 3.0 touchscreen lcd w 50 bonus prints digital cameras 219.99,,sony,dsc-t110 / r,,11499,sony cyber-shot dsc-t110 16.1 mp digital still camera with carl zeiss vario-tessar 4x optical zoom lens and 3.0-inch touchscreen silver sony 189.95,point shoot digital cameras,,dsct110,
No,1091,10988,0,1091,hon 600 series two-drawer lateral file black hon,stationery & office machinery,,682lp,449.94,10988,hon 692ll - 600 series two-drawer lateral file 42w x19-1 4d putty printers,,hon,,
No,814,802,0,814,da-lite dual vision tensioned cosmopolitan electrol - av format 7 x 9 diagonal da-lite 84986,electronics - general,,,2346.99,802,da-lite tensioned cosmopolitan electrol - projection screen motorized - 1 1 - dual vision projection screens da-lite cosmopolitan electrol,,,,
No,2210,19538,0,2210,crown tire-track scraper needlepunch polypropylene vinyl mat 48 x 72 anthracite rugs,,crown,te0046ac,124.97,19538,new-crown te0046gy - tire-track scraper mat needlepunch polypropylene vinyl 48 x 72 gray - cwnte0046gy laminating supplies,,crown,,
No,1136,16963,0,1136,elite screens cinegray prime vision series fixed frame screen - 135 diagonal elite screens 1069.0,electronics - general,,pvr135h1,,16963,powergain prime vision series fixed frame screen - 135 diagonal projection screens elite 1069.0,,,,
No,19,11239,0,19,hp 80 ink printhead printhead cleaner black c4890a 268.79,stationery & office machinery,hp,c4890a,,11239,hp c4893a - c4893a hp 80 ink printhead printhead cleaner 4400 page-yield yellow 268.78,distribution,hp,,
No,1576,460,0,1576,aiptek go-hd blue camcorder w 3x optical zoom 2.4 lcd aiptek,camcorders,,hdv1,149.99,460,aiptek go-hd high definition 720p camcorder with 3x optical zoom camcorders aiptek,,,go-hd camcorder,138.64
No,950,19173,0,950,asus 22 lcd monitor vw224t asus vw224t 144.0,monitors,,,,19173,asus vw224u 22-inch widescreen lcd monitor - black monitors vw224u,,asus,,149.0
No,1241,17234,0,1241,sharpie retractable permanent markers fine point set of 12 black stationery & office machinery sharpie 32701,,,,13.64,17234,sharpie 32701 - retractable permanent marker fine point black accessory kits 20.92,,sharpie,,
No,2201,14110,0,2201,pny 4gb micro swivel attache flash drive printers pny 9.84,,,,,14110,pny micro swivel attach 4 gb usb 2.0 flash drive p-fdu4gbsv-ef gry grey usb flash drives,,pny,p-fdu4gbsv-ef / gry,15.51
No,665,2821,0,665,da-lite video spectra 1.5 model b manual screen with csr - 69 x 92 video format da-lite 85322 429.99,electronics - general,,,,2821,da-lite model b with csr - projection screen - 1 1 - video spectra 1.5 da-lite,projection screens,,,284.5
No,2149,10785,0,2149,kodak easyshare m552 dark pink 14mp digital camera w 5x optical zoom 2.7 lcd display w 50 bonus prints kodak,digital cameras,,m552pink,94.54,10785,kodak easyshare m552 14mp digital camera with 5x optical zoom and 2.7-inch lcd in dark pink 4gb accessory kit kodak m552,point shoot digital cameras,,,119.95
No,2126,2139,0,2126,pny 4gb sdhc memory card class 4 pny p-sdhc4g4-ef 8.98,usb drives,,,,2139,pny 4gb class 4 navy sd card car audio video pny p-sdhc4g4-ef / navy 11.18,,,,
No,974,10336,0,974,antec 650w earthwatts ea-650 green psu electronics - general antec 90.92,,,ea650green,,10336,antec earthwatts ea650 650w power supply power supplies antec 108.54,,,ea650,
No,467,18785,0,467,universal quick set-up lift-off lid box ltr lgl fiberboard 12 x 10 x 15 blk we 12 ctn universal products,storage,,,30.59,18785,universal 952244 - quick set-up lift-off lid storage box letter legal fiberboard white 4 carton,,universal,,
No,92,12789,0,92,da-lite natural walnut veneer model b manual screen with matte white fabric - 64 x 84 diagonal video format electronics - general da-lite,,,73197,261.99,12789,da-lite manual 64 x 84 diagonal square format office wall screen with cherry veneer case and matte white fabric da-lite,projection screens,,,
No,1815,17571,0,1815,wilson jones super heavy weight sheet protector stationery & office machinery wilson jones 21403,,,,10.94,17571,new-wilson jones 21401 - super heavy weight sheet protector non-glare finish clear 50 box - wlj21401 storage presentation materials wilson jones 28.0,,,,
No,1649,1006,0,1649,ifrogz ipod touch 4 luxe lean case pink mp3 accessories it4ll-pnk 24.99,,ifrogz,,,1006,ifrogz it4ll-red luxe lean for ipod touch 4g - red cases ifrogz it4ll-red,,,,12.5
No,912,16460,0,912,panasonic kx-tg4022n dect 6.0 plus expandable cordless answering system w 2 handsets panasonic kx-tg4022n 44.98,electronics - general,,,,16460,panasonic dect 6.0 expandable digital cordless phone with talking caller id answering system - 2 handset pack,,panasonic,,91.41
No,80,17375,0,80,vaultz lock mobile file chest storage box letter legal black vaultz,stationery & office machinery,,vz01270,59.94,17375,new-vaultz vz01008 - locking file chest storage box letter legal 17-1 2 x 14 x 12-1 2 black - idevz01008 label makers vaultz,,,,
No,1393,18382,0,1393,gbc design view presentation binding system covers clear 8-3 4 2514500,stationery & office machinery,,,19.94,18382,new-gbc 2000036 - clear view presentation binding system cover 11-1 4 x 8-3 4 clear 100 box - gbc2000036 gbc 63.0,covers,,,
No,889,2793,0,889,logitech wireless mouse m310 bundle computers,,,,29.88,2793,logitech wireless mouse m310 red tendrills mice 910-001920 28.51,,logitech,,
No,634,19840,0,634,jvc marshmallow headphones blue,electronics - general,jvc,hafx35an,15.54,19840,jvc ha-fx35-b soft marshmallow stereo headphones black headphones jvc hafx35b,,,,11.28
No,1547,4788,0,1547,fellowes standard glare filter for 16-17 monitors 39.84,computers,fellowes,93785,,4788,fellowes 48129 standard 16 17 in glare filter traditional tint screen filters 48129 9.99,,fellowes,,
